{
  "active": true,
  "find_videos": {
    "ignore_urls": [],
    "patterns": [
      {
        "pattern": "(?:sbrapid|sblongvu|cloudemb|embedsb|sbchill|nsfwzone|leakslove|sbhight|sbbrisk|view345|lvturbo).\\w{2,4}/(?:embed-|st/|e/|v/|play/|)?([A-z0-9]+)",
        "url": "https://streamsb.net/play/\\1"
      },
      {
        "pattern": "(?:streamsb|sbembed|sbembed1|sbplay\\d+|sbplay|pelistop|tubesb|playersb|watchsb|sbfast|sbfull|viewsb|sbthe|watchmo|sblanh|sbanh|ssbstream).\\w{2,4}/(?:embed-|d/|e/|play/|)?([A-z0-9]+)",
        "url": "https://streamsb.net/play/\\1"
      },
      {
        "pattern": "(?:sblona|likessb).com/(?:e/|d/|)([A-z0-9]+)",
        "url": "https://streamsb.net/play/\\1"
      },
      {
        "pattern": "xxxbold.online/e/([A-z0-9]+)",
        "url": "https://streamsb.net/play/\\1"
      }
    ]
  },
  "free": true,
  "id": "streamsb",
  "name": "streamsb",
  "settings": [
    {
      "default": false,
      "enabled": true,
      "id": "black_list",
      "label": "@60654",
      "type": "bool",
      "visible": true
    },
    {
      "default": 0,
      "enabled": true,
      "id": "favorites_servers_list",
      "label": "@60655",
      "lvalues": [
        "No",
        "1",
        "2",
        "3",
        "4",
        "5"
      ],
      "type": "list",
      "visible": false
    }
  ],
  "thumbnail": "https://streamsb.com/xfilesharingtemplates_images/logo.png"
}
