{
  "id": "cinefoxtv",
  "name": "CineFoxTV",
  "active": true,
  "adult": false,
  "language": ["lat"],
  "thumbnail": "https://s28.postimg.org/lytn2q1tp/cinefoxtv.png",
  "banner": "cinefoxtv.png",
  "version": 1,
  "changes": [
    {
      "date": "22/05/2017",
      "description": "fix por cambio en la estructura"
    },
    {
      "date": "15/03/2017",
      "description": "limpieza código"
    },
    {
      "date": "09/02/2017",
      "description": "First release."
    }
  ],
  "categories": [
    "movie"
  ],
  "settings": [
    {
      "id": "include_in_global_search",
      "type": "bool",
      "label": "Incluir en busqueda global",
      "default": false,
      "enabled": false,
      "visible": false
    },
    {
      "id": "include_in_newest_peliculas",
      "type": "bool",
      "label": "Incluir en Novedades - Peliculas",
      "default": true,
      "enabled": true,
      "visible": true
    },
    {
      "id": "include_in_newest_infantiles",
      "type": "bool",
      "label": "Incluir en Novedades - Infantiles",
      "default": true,
      "enabled": true,
      "visible": true
    }
  ]
}