{
  "id": "quierodibujosanimados",
  "name": "Quiero Dibujos Animados",
  "active": true,
  "adult": false,
  "language": ["cast"],
  "thumbnail": "quierodibujosanimados.png",
  "banner": "quierodibujosanimados.png",
  "fanart": "quierodibujosanimados.jpg",
  "version": 1,
  "changes": [
    {
      "date": "15/03/2017",
      "description": "limpieza código"
    },
    {
      "date": "01/07/2016",
      "description": "Eliminado código innecesario."
    }
  ],
  "categories": [
    "tvshow"
  ]
}