{
  "id": "seriesyonkis",
  "name": "Seriesyonkis",
  "active": true,
  "adult": false,
  "language": ["cast"],
  "thumbnail": "seriesyonkis.png",
  "banner": "seriesyonkis.png",
  "fanart": "seriesyonkis.jpg",
  "version": 1,
  "changes": [
    {
      "date": "15/03/2017",
      "description": "limpieza código"
    },
    {
      "date": "11/07/2016",
      "description": "Reparada búsqueda y soluciona error en findvideos"
    }
  ],
  "categories": [
    "tvshow",
    "anime",
    "vos"
  ],
  "settings": [
    {
      "id": "include_in_global_search",
      "type": "bool",
      "label": "Incluir en busqueda global",
      "default": false,
      "enabled": true,
      "visible": true
    }
  ]
}