{
  "active": true,
  "find_videos": {
    "ignore_urls": [],
    "patterns": [
      {
        "pattern": "((?:ilovefembed|fembed|divload|feurl).(?:com|live|best)/(?:f|v)/[A-z0-9_-]+)",
        "url": "https://www.\\1"
      },
      {
        "pattern": "(?:ilovefembed).(?:best)(/(?:f|v)/[A-z0-9_-]+)",
        "url": "https://www.fembed.com\\1"
      }
    ]
  },
  "free": true,
  "id": "fembed",
  "name": "Fembed",
  "settings": [
    {
      "default": false,
      "enabled": true,
      "id": "black_list",
      "label": "@60654",
      "type": "bool",
      "visible": true
    },
    {
      "default": 0,
      "enabled": true,
      "id": "favorites_servers_list",
      "label": "@60655",
      "lvalues": [
        "No",
        "1",
        "2",
        "3",
        "4",
        "5"
      ],
      "type": "list",
      "visible": false
    }
  ],
  "thumbnail": "https://i.postimg.cc/prdPwBhT/fembed1.png",
  "version": 1
}
