{
  "active": true,
  "find_videos": {
    "ignore_urls": [],
    "patterns": [
      {
        "pattern": "https://flashservice.xvideos.com/embedframe/([0-9]+)",
        "url": "https://www.xvideos.com/video\\1/"
      },
      {
        "pattern": "https://www.xvideos.com/video([0-9]+)/",
        "url": "https://www.xvideos.com/video\\1/"
      },
      {
        "pattern": "http://www.xvideos.com/video([0-9]+)/",
        "url": "https://www.xvideos.com/video\\1/"
      }
    ]
  },
  "free": true,
  "id": "xvideos",
  "name": "xvideos",
  "premium": [
    "alldebrid"
  ],
  "settings": [
    {
      "default": false,
      "enabled": true,
      "id": "black_list",
      "label": "@60654",
      "type": "bool",
      "visible": true
    },
    {
      "default": 0,
      "enabled": true,
      "id": "favorites_servers_list",
      "label": "@60655",
      "lvalues": [
        "No",
        "1",
        "2",
        "3",
        "4",
        "5"
      ],
      "type": "list",
      "visible": false
    }
  ]
}
