<?xml version="1.0" encoding="UTF-8" standalone="yes"?>
<addon id="script.alfa-script" name="Fix version 1.7.0" version="1.7.0" provider-name="Alfa Addon">
  <requires>
    <import addon="xbmc.python" version="2.1.0"/>
  </requires>
  <extension point="xbmc.python.pluginsource" library="script.py">
    <provides>executable</provides>
  </extension>
  <extension point="xbmc.addon.metadata">
    <summary lang="es">Sumario en Español</summary>
    <description lang="es">script para la versión 1.7.0 o superior</description>
    <summary lang="en">English summary</summary>
    <description lang="en">script for version 1.7.x</description>
    <platform>all</platform>
    <license>GNU GPL v3</license>
    <forum>foro</forum>
    <website>web</website>
    <email>my@email.com</email>
    <source>source</source>
  </extension>
</addon>
