{
  "id": "hentaienespanol",
  "name": "HentaiEnEspañol",
  "active": true,
  "adult": true,
  "language": ["*"],
  "thumbnail": "https://s11.postimg.org/cmuwcvvpf/hentaienespanol.png",
  "banner": "https://s3.postimg.org/j3qkfut8z/hentaienespanol_banner.png",
  "version": 1,
  "changes": [
    {
      "date": "15/03/2017",
      "description": "limpieza código"
    },
    {
      "date": "01/12/2016",
      "description": "Release."
    }
  ],
  "categories": [
    "adult"
  ],
  "settings": [
    {
      "id": "include_in_global_search",
      "type": "bool",
      "label": "Incluir en busqueda global",
      "default": false,
      "enabled": false,
      "visible": false
    }
  ]
}