{
    "id": "zonatorrent",
    "name": "ZonaTorrent",
    "active": true,
    "adult": false,
    "language": ["cast", "lat"],
    "banner": "",
    "thumbnail": "https://zonatorrent.org/wp-content/uploads/2017/04/zonatorrent-New-Logo.png",
    "version": 1,
    "categories": [
        "torrent",
        "movie"
    ],
    "settings": [
        {
            "id": "include_in_global_search",
            "type": "bool",
            "label": "Incluir en busqueda global",
            "default": true,
            "enabled": true,
            "visible": true
        },
        {
            "id": "modo_grafico",
            "type": "bool",
            "label": "Buscar información extra",
            "default": true,
            "enabled": true,
            "visible": true
    }
    ]
}
