{
  "id": "verpeliculasrd",
  "name": "Ver-Peliculasrd",
  "active": true,
  "adult": false,
  "language": ["lat"],
  "thumbnail":"http://ver-peliculasrd.com/img/logovprd.png",
  "banner": "http://ver-peliculasrd.com/img/logovprd.png",
  "fanart": "",
  "categories": [
    "movie"
  ],
  "settings": [
    {
      "id": "filter_languages",
      "type": "list",
      "label": "Mostrar enlaces en idioma...",
      "default": 0,
      "enabled": true,
      "visible": true,
      "lvalues": [
        "No filtrar",
        "CAST",
        "LAT",
        "VOSE"
      ]
    }
  ]
}
