{
  "active": true,
  "find_videos": {
    "ignore_urls": [],
    "patterns": [
      {
        "pattern": "https://zplayer.live/(?:e|v)/([A-z0-9]+)",
        "url": "https://v2.zplayer.live/embed/\\12"
      },
      {
        "pattern": "https://v2.zplayer.live/(?:embed|video)/([A-z0-9]+)",
        "url": "https://v2.zplayer.live/embed/\\1"
      }
    ]
  },
  "free": true,
  "id": "zplayer",
  "name": "zplayer",
  "settings": [
    {
      "default": false,
      "enabled": true,
      "id": "black_list",
      "label": "@60654",
      "type": "bool",
      "visible": true
    },
    {
      "default": 0,
      "enabled": true,
      "id": "favorites_servers_list",
      "label": "@60655",
      "lvalues": [
        "No",
        "1",
        "2",
        "3",
        "4",
        "5"
      ],
      "type": "list",
      "visible": false
    }
  ],
  "thumbnail": "https://i.postimg.cc/rpWLRJcT/zplayer.png"
}
