{
  "active": true,
  "find_videos": {
    "ignore_urls": [],
    "patterns": [
      {
        "pattern": "(?:v|w)idto(?:d|b)o.com/(?:embed-|)([a-z0-9]+)(?:.html|)",
        "url": "https://widtodo.com/\\1"
      }
    ]
  },
  "free": true,
  "id": "vidtodo",
  "name": "vidtodo",
  "settings": [
    {
      "default": false,
      "enabled": true,
      "id": "black_list",
      "label": "@60654",
      "type": "bool",
      "visible": true
    },
    {
      "default": 0,
      "enabled": true,
      "id": "favorites_servers_list",
      "label": "@60655",
      "lvalues": [
        "No",
        "1",
        "2",
        "3",
        "4",
        "5"
      ],
      "type": "list",
      "visible": false
    }
  ],
  "thumbnail": "https://i.postimg.cc/Ss9HvTsr/vidtodo.png"
}