{
  "id": "beeg",
  "name": "Beeg",
  "active": true,
  "adult": true,
  "language": ["*"],
  "thumbnail": "beeg.png",
  "banner": "beeg.png",
  "version": 1,
  "changes": [
    {
      "date": "03/06/2017",
      "description": "reliminado encoding y soporte multiples calidades"
    },
    {
      "date": "15/03/2017",
      "description": "limpieza código"
    },
    {
      "date": "01/07/2016",
      "description": "Eliminado código innecesario."
    }
  ],
  "categories": [
    "adult"
  ],
  "settings": [
    {
      "id": "include_in_global_search",
      "type": "bool",
      "label": "Incluir en busqueda global",
      "default": true,
      "enabled": true,
      "visible": true
    }
  ]
}