{
  "id": "gmobi",
  "name": "gmobi",
  "active": true,
  "adult": false,
  "language": ["cast", "lat"],
  "version": 1,
  "thumbnail": "http://gnula.mobi/wp-content/uploads/2016/08/Untitled-6.png",
  "banner": "",
  "changes": [
    {
      "date": "25/08/2017",
      "description": "Nuevo canal"
    }
  ],
  "categories": [
    "movie",
    "adult"
  ],
  "settings": [
    {
      "id": "include_in_global_search",
      "type": "bool",
      "label": "Incluir en busqueda global",
      "default": false,
      "enabled": false,
      "visible": false
    }
  ]
}
