{
"id": "pelix",
  "name": "Pelix",
  "active": true,
  "adult": false,
  "language": ["lat"],
  "thumbnail": "https://pelix.tv/wp-content/themes/allcine/images/logossss.png",
  "banner": "",
  "categories": [
    "movie",
    "tvshow"
  ],
  "settings": [
    {
      "id": "include_in_global_search",
      "type": "bool",
      "label": "Incluir en busqueda global",
      "default": false,
      "enabled": true,
      "visible": true
    },
    {
      "id": "filter_languages",
      "type": "list",
      "label": "Mostrar enlaces en idioma...",
      "default": 0,
      "enabled": true,
      "visible": true,
      "lvalues": [
        "No filtrar"
      ]
    }
  ]
}
