{
  "active": true,
  "find_videos": {
    "ignore_urls": [],
    "patterns": [
      {
        "pattern": "https://www.amazon.com/drive/v1/shares/([A-z0-9]+)?",
        "url": "https://www.amazon.com/drive/v1/shares/\\1?resourceVersion=V2&ContentType=JSON&asset=ALL"
      }
    ]
  },
  "free": true,
  "id": {
    "value": [
      "amazon"
    ]
  },
  "name": "amazon",
  "settings": [
    {
      "default": false,
      "enabled": true,
      "id": "black_list",
      "label": "@60654",
      "type": "bool",
      "visible": true
    },
    {
      "default": 0,
      "enabled": true,
      "id": "favorites_servers_list",
      "label": "@60655",
      "lvalues": [
        "No",
        "1",
        "2",
        "3",
        "4",
        "5"
      ],
      "type": "list",
      "visible": false
    }
  ],
  "thumbnail": ""
}
