{
  "active": true,
  "find_videos": {
    "ignore_urls": [],
    "patterns": [
      {"pattern": "(https://(:?player|gsmp4|playerd|hls).[A-z0-9]+.(com|live|xyz)/player.php\\?(:?id|data)=[A-z0-9]+)",
       "url":  "\\1"}
    ]
  },
  "free": true,
  "id": "oprem",
  "name": "oprem",
  "settings": [
    {
      "default": false,
      "enabled": true,
      "id": "black_list",
      "label": "@60654",
      "type": "bool",
      "visible": true
    },
    {
      "default": 0,
      "enabled": true,
      "id": "favorites_servers_list",
      "label": "@60655",
      "lvalues": [
        "No",
        "1",
        "2",
        "3",
        "4",
        "5"
      ],
      "type": "list",
      "visible": false
    }
  ],
  "thumbnail": "https://i.postimg.cc/brPdk4fJ/oprem.png"
}