<?xml version="1.0" encoding="UTF-8" standalone="yes"?>
<addon id="script.alfa-update-helper" name="Alfa Update Helper" version="0.0.2" provider-name="Alfa Develop group">
    <requires>
        <import addon="script.module.requests"/>
        <import addon="script.module.xmltodict"/>
    </requires>
    <extension point="xbmc.python.script" library="default.py">
        <provides>executable</provides>
    </extension>
    <extension point="xbmc.addon.metadata">
        <summary lang="es">Herramienta de actualización para Alfa</summary>
        <description lang="es">Si tienes problemas actualizando Alfa utiliza esta herramienta</description>
        <summary lang="en">Updating tool for Alfa</summary>
        <description lang="en">If you have problems updating Alfa use this tool</description>
        <platform>all</platform>
        <assets>
            <icon>resources/icon.png</icon>
        </assets>
    </extension>
    <extension point="xbmc.service" library="default.py" start="login|startup">
    </extension>

</addon>