{
  "id": "animeid",
  "name": "Animeid",
  "active": true,
  "adult": false,
  "language": ["cast", "lat"],
  "thumbnail": "animeid.png",
  "banner": "animeid.png",
  "version": 1,
  "changes": [
    {
      "date": "17/05/2017",
      "description": "Fix novedades y replace en findvideos"
    },
    {
      "date": "15/03/2017",
      "description": "limpieza código"
    },
    {
      "date": "04/01/16",
      "description": "Arreglado problema en findvideos"
    }
  ],
  "categories": [
    "anime"
  ],
  "settings": [
    {
      "id": "include_in_global_search",
      "type": "bool",
      "label": "Incluir en busqueda global",
      "default": false,
      "enabled": true,
      "visible": true
    },
    {
      "id": "include_in_newest_anime",
      "type": "bool",
      "label": "Incluir en Novedades - Episodios de anime",
      "default": true,
      "enabled": true,
      "visible": true
    }
  ]
}
