{
  "id": "bricocine",
  "name": "Bricocine",
  "active": true,
  "adult": false,
  "language": ["cast"],
  "thumbnail": "http://s6.postimg.org/9u8m1ep8x/bricocine.jpg",
  "banner": "bricocine.png",
  "version": 1,
  "changes": [
    {
      "date": "15/03/2017",
      "description": "limpieza código"
    },
    {
      "date": "01/07/2016",
      "description": "Eliminado código innecesario."
    }
  ],
  "categories": [
    "torrent",
    "movie",
    "tvshow"
  ],
  "settings": [
    {
      "id": "include_in_global_search",
      "type": "bool",
      "label": "Incluir en busqueda global",
      "default": true,
      "enabled": true,
      "visible": true
    }
  ]
}