{
  "id": "downloads",
  "name": "Descargas",
  "active": false,
  "adult": false,
  "language": ["*"],
  "categories": [
    "movie"
  ],
  "settings": [
    {
      "type": "label",
      "label": "@70229",
      "enabled": true,
      "visible": true
    },
    {
      "id": "library_add",
      "type": "bool",
      "label": "@70230",
      "default": false,
      "enabled": true,
      "visible": true
    },
    {
      "id": "library_move",
      "type": "bool",
      "label": "@70231",
      "default": false,
      "enabled": "eq(-1,true)",
      "visible": true
    },
    {
      "id": "browser",
      "type": "bool",
      "label": "@70232",
      "default": true,
      "enabled": true,
      "visible": true
    },
    {
      "type": "label",
      "label": "@70243",
      "enabled": true,
      "visible": true
    },
    {
      "id": "block_size",
      "type": "list",
      "label": "@70233",
      "lvalues": [
        "128 KB",
        "256 KB",
        "512 KB",
        "1 MB",
        "2 MB"
      ],
      "default": 1,
      "enabled": true,
      "visible": true
    },
    {
      "id": "part_size",
      "type": "list",
      "label": "@70234",
      "lvalues": [
        "1 MB",
        "2 MB",
        "4 MB",
        "8 MB",
        "16 MB",
        "32 MB"
      ],
      "default": 1,
      "enabled": true,
      "visible": true
    },
    {
      "id": "max_connections",
      "type": "list",
      "label": "@70235",
      "lvalues": [
        "1",
        "2",
        "3",
        "4",
        "5",
        "6",
        "7",
        "8",
        "9",
        "10"
      ],
      "default": 4,
      "enabled": true,
      "visible": true
    },
    {
      "id": "max_buffer",
      "type": "list",
      "label": "@70236",
      "lvalues": [
        "0",
        "2",
        "4",
        "6",
        "8",
        "10",
        "12",
        "14",
        "16",
        "18",
        "20"
      ],
      "default": 5,
      "enabled": true,
      "visible": true
    },
	{
      "id": "enable_expermental_downloads",
      "type": "bool",
      "label": "@70764",
      "default": false,
      "enabled": true,
      "visible": true
    },
    {
      "type": "label",
      "label": "@70237",
      "enabled": true,
      "visible": true
    },
    {
      "id": "server_reorder",
      "type": "list",
      "label": "@70238",
      "lvalues": [
        "@70244",
        "Reordenar"
      ],
      "default": 1,
      "enabled": true,
      "visible": true
    },
    {
      "id": "language",
      "type": "list",
      "label": "@70246",
      "lvalues": [
        "Esp, Lat, Sub, Eng, Vose",
        "Esp, Sub, Lat, Eng, Vose",
        "Eng, Sub, Vose, Esp, Lat",
        "Vose, Eng, Sub, Esp, Lat"
      ],
      "default": 0,
      "enabled": "eq(-1,'Reordenar')",
      "visible": true
    },
    {
      "id": "quality",
      "type": "list",
      "label": "@70240",
      "lvalues": [
        "@70241",
        "HD 1080",
        "HD 720",
        "SD"
      ],
      "default": 0,
      "enabled": "eq(-2,'Reordenar')",
      "visible": true
    },
    {
      "id": "server_speed",
      "type": "bool",
      "label": "@70242",
      "default": true,
      "enabled": "eq(-3,'Reordenar')",
      "visible": true
    }
  ]
}
