﻿<?xml version="1.0" encoding="UTF-8" standalone="yes"?>
<addon id="plugin.video.alfa" name="Alfa" version="0.0.4" provider-name="unknown">
  <requires>
    <import addon="xbmc.python" version="2.1.0"/>
    <import addon="script.module.libtorrent" optional="true"/>
  </requires>
  <extension point="xbmc.python.pluginsource" library="default.py">
    <provides>video</provides>
  </extension>
  <extension point="xbmc.addon.metadata">
    <summary lang="es">Sumario en Español</summary>
    <news>[B]Estos son los cambios para esta versión:[/B][CR]
      [COLOR green][B]Canales agregados y arreglos[/B][/COLOR]
      [I]- Cinecalidad
      - Cinefox
      - Mundoflv
      - Metaserie
      - Pelisplanet
      - flashx
      - xTheatre
      - Playpornx[/I][CR]
      [COLOR green][B]Servidores agregados y arreglos[/B][/COLOR][CR]
      [I]- Flashx
      - Streamcherry[/I]


    </news>
    <description lang="es">Descripción en Español</description>
    <summary lang="en">English summary</summary>
    <description lang="en">English description</description>
    <platform>all</platform>
    <license>GNU GPL v3</license>
    <forum>foro</forum>
    <website>web</website>
    <email>my@email.com</email>
    <source>source</source>
  </extension>
  <extension point="xbmc.service" library="videolibrary_service.py" start="login|startup">
  </extension>
</addon>
