{
  "id": "pasateatorrent",
  "name": "PasateaTorrent",
  "active": true,
  "adult": false,
  "language": ["cast"],
  "thumbnail": "http://imgur.com/iLeISt0.png",
  "banner": "pasateatorrent.png",
  "fanart": "http://imgur.com/uexmGEg.png",
  "version": 1,
  "changes": [
    {
      "date": "25/08/2017",
      "description": "Revamp"
    }
  ],
  "categories": [
    "torrent",
    "movie",
    "tvshow"
  ],
  "settings": [
    {
      "id": "include_in_global_search",
      "type": "bool",
      "label": "Incluir en busqueda global",
      "default": true,
      "enabled": true,
      "visible": true
    },
    {
      "id": "modo_grafico",
      "type": "bool",
      "label": "Buscar información extra (TMDB)",
      "default": true,
      "enabled": true,
      "visible": true
    }
  ]
}
