{
  "id": "pelisplusco",
  "name": "PelisPlus.co",
  "active": true,
  "adult": false,
  "thumbnail": "https://s26.postimg.org/jov1pmbh5/pelisplusco.png",
  "banner": "https://s26.postimg.org/4hf259jmh/pelisplusco-banner.png",
  "version": 1,
  "categories": [
    "latino",
    "movie",
    "tvshow",
    "documentary",
    "direct"

  ],
  "settings": [
    {
      "id": "include_in_global_search",
      "type": "bool",
      "label": "Incluir en busqueda global",
      "default": false,
      "enabled": false,
      "visible": false
    }
  ]
}