{
  "id": "estrenoscinesaa",
  "name": "EstrenosCinesaa",
  "active": true,
  "adult": false,
  "language": ["cast"],
  "thumbnail": "https://www.estrenoscinesaa.com/wp-content/uploads/2020/06/logoEstrenosCinesaa.png",
  "banner": "",
  "categories": [
    "movie",
    "cast"
  ],
  "settings": [
    {
      "id": "modo_grafico",
      "type": "bool",
      "label": "Buscar información extra",
      "default": true,
      "enabled": true,
      "visible": true
    },
    {
      "id": "include_in_global_search",
      "type": "bool",
      "label": "Incluir en busqueda global",
      "default": true,
      "enabled": true,
      "visible": true
    },
    {
      "id": "comprueba_enlaces",
      "type": "bool",
      "label": "Verificar si los enlaces existen",
      "default": false,
      "enabled": true,
      "visible": true
    },
    {
      "id": "comprueba_enlaces_num",
      "type": "list",
      "label": "Número de enlaces a verificar",
      "default": 1,
      "enabled": true,
      "visible": "eq(-1,true)",
      "lvalues": [ "5", "10", "15", "20" ]
    } 
  ]
}


