﻿<?xml version="1.0" encoding="UTF-8" standalone="yes"?>
<addon id="plugin.video.alfa" name="Alfa" version="2.2.2" provider-name="Alfa Addon">
  <requires>
    <import addon="xbmc.python" version="2.1.0"/>
    <import addon="script.module.libtorrent" optional="true"/>
  </requires>
  <extension point="xbmc.python.pluginsource" library="default.py">
    <provides>video</provides>
  </extension>
  <extension point="xbmc.addon.metadata">
    <summary lang="es">Navega con Kodi por páginas web.</summary>
    <assets>
      <icon>icon.png</icon>
      <fanart>fanart.jpg</fanart>
      <screenshot>resources/media/themes/ss/1.jpg</screenshot>
      <screenshot>resources/media/themes/ss/2.jpg</screenshot>
      <screenshot>resources/media/themes/ss/3.jpg</screenshot>
      <screenshot>resources/media/themes/ss/4.jpg</screenshot>
    </assets>
      <news>[B]Estos son los cambios para esta versión:[/B]
      [COLOR green][B]Canales agregados y arreglos[/B][/COLOR]
      » maxipelis                »           peliculasaudiolatino
      » peliculasmx            »           peliscity
      » repelis                     »           seriesmeme
      » seriesyonkis           »           verpeliculasnuevas
      » zonatorrent           »           kabagi/diskokosmico
      » tiotorrent               »           allcalidad
      » areadocumental   »           cinetux
      » hdfull                      »           newpct1
      » ohpelis                   »           animeyt
      » flashx                     »           kbagi
      » gamovideo            »           vidup
      ¤ arreglos internos
      [COLOR green]Gracias a [COLOR yellow]RIgodonius[/COLOR] por su colaboración en esta versión[/COLOR]
      </news>
    <description lang="es">Navega con Kodi por páginas web para ver sus videos de manera fácil.</description>
    <summary lang="en">Browse web pages using Kodi</summary>
    <description lang="en">Browse web pages using Kodi, you can easily watch their video content.</description>
    <disclaimer>[COLOR red]The owners and submitters to this addon do not host or distribute any of the content displayed by these addons nor do they have any affiliation with the content providers.[/COLOR]</disclaimer>
    <platform>all</platform>
    <license>GNU GPL v3</license>
    <forum>foro</forum>
    <website>web</website>
    <email>my@email.com</email>
    <source>https://github.com/alfa-addon/addon</source>
  </extension>
  <extension point="xbmc.service" library="videolibrary_service.py" start="login|startup">
  </extension>
</addon>
