{
  "active": true,
  "find_videos": {
    "ignore_urls": [],
    "patterns": [
      {
        "pattern": "(https://[a-zA-Z0-9]+\\.openloadpremium\\.com\\/m3u8\\/.*?\\.m3u8)",
        "url": "\\1"
      },
      {
        "pattern": "https://streamium\\.xyz/.*?hash=([a-zA-Z0-9]+)",
        "url": "http://streamium.xyz/files/\\1"
      }
    ]
  },
  "free": true,
  "id": "oprem",
  "name": "oprem",
  "settings": [
    {
      "default": false,
      "enabled": true,
      "id": "black_list",
      "label": "@60654",
      "type": "bool",
      "visible": true
    },
    {
      "default": 0,
      "enabled": true,
      "id": "favorites_servers_list",
      "label": "@60655",
      "lvalues": [
        "No",
        "1",
        "2",
        "3",
        "4",
        "5"
      ],
      "type": "list",
      "visible": false
    }
  ]
}