{
  "active": true,
  "find_videos": {
    "ignore_urls": [
      "yourupload.com/embed/embed"
    ],
    "patterns": [
      {
        "pattern": "yourupload.com/(?:embed|watch)/([A-z0-9]+)",
        "url": "http://www.yourupload.com/embed/\\1"
      },
      {
        "pattern": "embed[./]yourupload.com(?:/|.php\\?url=)([A-z0-9]+)",
        "url": "http://www.yourupload.com/embed/\\1"
      },
      {
        "pattern": "(yourupload.com/download\\?file=[A-z0-9]+)",
        "url": "https://www.\\1&sendFile=true"
      }
    ]
  },
  "free": true,
  "id": "yourupload",
  "name": "yourupload",
  "settings": [
    {
      "default": false,
      "enabled": true,
      "id": "black_list",
      "label": "@60654",
      "type": "bool",
      "visible": true
    },
    {
      "default": 0,
      "enabled": true,
      "id": "favorites_servers_list",
      "label": "@60655",
      "lvalues": [
        "No",
        "1",
        "2",
        "3",
        "4",
        "5"
      ],
      "type": "list",
      "visible": false
    }
  ],
  "thumbnail" : "https://s1.postimg.cc/4wje61el4f/yourupload1.png"
}
