{
  "id": "playmax",
  "name": "PlayMax",
  "language": ["cast", "lat"],
  "active": false,
  "adult": false,
  "thumbnail": "playmax.png",
  "banner": "playmax.png",
  "categories": [
    "movie",
    "tvshow"
  ],
  "settings": [
    {
      "id": "playmaxuser",
      "type": "text",
      "color": "0xFF25AA48",
      "label": "@30014",
      "enabled": true,
      "visible": true
    },
    {
      "id": "playmaxpassword",
      "type": "text",
      "color": "0xFF25AA48",
      "hidden": true,
      "label": "@30015",
      "enabled": "!eq(-1,'')",
      "visible": true
    },
    {
      "id": "include_in_global_search",
      "type": "bool",
      "label": "Incluir en búsqueda global",
      "default": false,
      "enabled": true,
      "visible": true
    },
    {
      "id": "include_in_newest_peliculas",
      "type": "bool",
      "label": "Incluir en Novedades - Películas",
      "default": false,
      "enabled": true,
      "visible": true
    },
    {
      "id": "include_in_newest_infantiles",
      "type": "bool",
      "label": "Incluir en Novedades - Infantiles",
      "default": false,
      "enabled": true,
      "visible": true
    },
    {
      "id": "include_in_newest_series",
      "type": "bool",
      "label": "Incluir en Novedades - Series",
      "default": false,
      "enabled": true,
      "visible": true
    },
    {
      "id": "modo_grafico",
      "type": "bool",
      "color": "0xFFd50b0b",
      "label": "Buscar información extra",
      "default": true,
      "enabled": true,
      "visible": true
    },
    {
      "id": "menu_info",
      "type": "bool",
      "color": "0xFFd50b0b",
      "label": "Mostrar menú intermedio película/episodio",
      "default": true,
      "enabled": true,
      "visible": true
    },
    {
      "id": "perfil",
      "type": "list",
      "label": "Perfil de color",
      "default": 3,
      "enabled": true,
      "visible": true,
      "lvalues": [
        "Sin color",
        "Perfil 3",
        "Perfil 2",
        "Perfil 1"
      ]
    },
    {
      "id": "last_page",
      "type": "bool",
      "color": "0xFFd50b0b",
      "label": "Ocultar opción elegir página en películas (Kodi)",
      "default": false,
      "enabled": true,
      "visible": true
    },
    {
      "id": "order_web",
      "type": "bool",
      "color": "0xFFd50b0b",
      "label": "Usar el mismo orden de los enlaces que la web",
      "default": false,
      "enabled": true,
      "visible": true
    }
  ]
}
