{
  "active": true,
  "find_videos": {
    "ignore_urls": [],
    "patterns": [
      {
        "pattern": "(https://www.bravoporn.com/videos/[0-9]+/)",
        "url": "\\1"
      },
      {
        "pattern": "(https://www.bravotube.net/videos/[A-z0-9-]+/)",
        "url": "\\1"
      },
      {
        "pattern": "(http://www.perfectgirls.net/gal/[0-9]+/[A-z0-9-]+)",
        "url": "\\1"
      },
      {
        "pattern": "(https://www.porncake.com/videos/[0-9]+/[A-z0-9-]+)",
        "url": "\\1/"
      },
      {
        "pattern": "(https://xcafe.com/[0-9]+/)",
        "url": "\\1"
      },
      {
        "pattern": "(https://es.anyporn.com/[0-9]+/)",
        "url": "\\1"
      },
      {
        "pattern": "(https://www.alphaporno.com/videos/[A-z0-9-]+/)",
        "url": "\\1"
      },
      {
        "pattern": "(https://www.(?:xfreehd|tubewolf).com/(?:video|embed)/[0-9]+)",
        "url": "\\1"
      },
      {
        "pattern": "(https://(?:xbabe|crocotube|pinflix).com/videos/[A-z0-9-]+/)",
        "url": "\\1"
      },
      {
        "pattern": "(https://xcum.com/v/[0-9-]+/)",
        "url": "\\1"
      },
      {
        "pattern": "(https://(?:pornone|xbabe).com/embed/[0-9-]+)",
        "url": "\\1"
      },
      {
        "pattern": "(https://sex3.com/[0-9-]+/)",
        "url": "\\1"
      },
      {
        "pattern": "(https://www.tubewolf.com/movies/[A-z0-9-]+/)",
        "url": "\\1"
      },
      {
        "pattern": "(https://anysex.com/[0-9]+/)",
        "url": "\\1"
      }
    ]
  },
  "free": true,
  "id": "bravoporn",
  "name": "bravoporn",
  "settings": [
    {
      "default": false,
      "enabled": true,
      "id": "black_list",
      "label": "@60654",
      "type": "bool",
      "visible": true
    },
    {
      "default": 0,
      "enabled": true,
      "id": "favorites_servers_list",
      "label": "@60655",
      "lvalues": [
        "No",
        "1",
        "2",
        "3",
        "4",
        "5"
      ],
      "type": "list",
      "visible": false
    }
  ],
  "thumbnail": ""
}
