{
  "active": true,
  "find_videos": {
    "ignore_urls": [],
    "patterns": [
      {
        "pattern": "(https://player.tnaflix.com/video/[0-9]+)",
        "url": "\\1"
      }
      ]
  },
  "free": true,
  "id": "tnaflix",
  "name": "tnaflix",
  "settings": [
    {
      "default": false,
      "enabled": true,
      "id": "black_list",
      "label": "@60654",
      "type": "bool",
      "visible": true
    },
    {
      "default": 0,
      "enabled": true,
      "id": "favorites_servers_list",
      "label": "@60655",
      "lvalues": [
        "No",
        "1",
        "2",
        "3",
        "4",
        "5"
      ],
      "type": "list",
      "visible": false
    }
  ],
  "thumbnail": "https://www.tnaflix.com/images/favicons/tnaflix/android-icon-192x192.png"
}
