<?xml version="1.0" encoding="UTF-8" standalone="yes"?>
<addon id="plugin.video.alfa" name="Alfa" version="2.7.26" provider-name="Alfa Addon">
  <requires>
    <import addon="xbmc.python" version="2.1.0"/>
    <import addon="script.module.libtorrent" optional="true"/>
  </requires>
  <extension point="xbmc.python.pluginsource" library="default.py">
    <provides>video</provides>
  </extension>
  <extension point="xbmc.addon.metadata">
    <summary lang="es">Navega con Kodi por páginas web.</summary>
    <assets>
      <icon>logo-cumple.png</icon>
      <fanart>fanart1.jpg</fanart>
      <screenshot>resources/media/themes/ss/1.jpg</screenshot>
      <screenshot>resources/media/themes/ss/2.jpg</screenshot>
      <screenshot>resources/media/themes/ss/3.jpg</screenshot>
      <screenshot>resources/media/themes/ss/4.jpg</screenshot>
    </assets>
      <news>[B]Estos son los cambios para esta versión:[/B]
      [COLOR green][B]Arreglos[/B][/COLOR]
      ¤ danimados                      ¤ animeshd                  ¤ pelisplus
      ¤ NewPct1                          ¤ DivxTotal                    ¤ Todopeliculas
      ¤ pelismundo                    ¤ repelis                         ¤ DoomTv
      ¤ FanPelis                           ¤ Goovie                        ¤ InkaPelis
      ¤ PeliculonHD                    ¤ PelisFox                     ¤ PelisGratis
      ¤ RetroseriesTV                 ¤ Inkaseries                  ¤ Maxipelis24
      ¤ gmobi                              ¤ chzechvideos
      [COLOR green][B]Novedades[/B][/COLOR]
      ¤ Legalmente Gratis
      Agradecimientos a @chivmalev por colaborar en ésta versión
      
    </news>
    <description lang="es">Navega con Kodi por páginas web para ver sus videos de manera fácil.</description>
    <summary lang="en">Browse web pages using Kodi</summary>
    <description lang="en">Browse web pages using Kodi, you can easily watch their video content.</description>
    <disclaimer>[COLOR red]The owners and submitters to this addon do not host or distribute any of the content displayed by these addons nor do they have any affiliation with the content providers.[/COLOR]</disclaimer>
    <platform>all</platform>
    <license>GNU GPL v3</license>
    <forum>foro</forum>
    <website>web</website>
    <email>my@email.com</email>
    <source>https://github.com/alfa-addon/addon</source>
  </extension>
  <extension point="xbmc.service" library="videolibrary_service.py" start="login|startup">
  </extension>
</addon>
