{
  "id": "newpct1",
  "name": "Newpct1",
  "active": true,
  "adult": false,
  "language": ["cast", "lat"],
  "thumbnail": "https://i.postimg.cc/hQthW08Y/newpct1.jpg",
  "banner": "newpct1.png",
  "categories": [
    "torrent",
    "movie",
    "tvshow",
    "vos",
    "direct"
  ],
  "settings": [
    {
      "id": "include_in_global_search",
      "type": "bool",
      "label": "Incluir en busqueda global",
      "default": true,
      "enabled": true,
      "visible": true
    },
    {
      "id": "modo_grafico",
      "type": "bool",
      "label": "Buscar información extra (TMDB)",
      "default": true,
      "enabled": true,
      "visible": true
    }, 
    {
      "id": "modo_grafico_lang",
      "type": "list",
      "label": "Idioma para buscar información extra (TMDB)",
      "default": 0,
      "enabled": true,
      "visible": true,
      "lvalues": [
        "Español",
        "Inglés",
        "Español+Inglés"
      ]
    },
    {
      "id": "pseudo_titulos",
      "type": "bool",
      "label": "Desea ver Pseudo títulos de ayuda?",
      "default": true,
      "enabled": true,
      "visible": true
    },
    {
      "id": "auto_download_new",
      "type": "bool",
      "label": "Desea que se descarguen automáticamente los nuevos episodios de la Videoteca?",
      "default": false,
      "enabled": true,
      "visible": true
    },
    {
      "id": "auto_download_new_all",
      "type": "bool",
      "label": "Incluso si es una Temporada NUEVA?",
      "default": false,
      "enabled": true,
      "visible": true
    },
    {
      "id": "filter_languages",
      "type": "list",
      "label": "Mostrar enlaces en idioma...",
      "default": 0,
      "enabled": true,
      "visible": true,
      "lvalues": [
        "No filtrar",
        "CAST",
        "LAT",
        "VO",
        "VOS",
        "VOSE"
      ]
    },
    {
      "id": "emergency_urls",
      "type": "list",
      "label": "Se quieren guardar Enlaces de Emergencia por si se cae la Web?",
      "default": 1,
      "enabled": true,
      "visible": true,
      "lvalues": [
        "No",
        "Guardar",
        "Borrar",
        "Actualizar"
      ]
    },
    {
      "id": "emergency_urls_torrents",
      "type": "bool",
      "label": "Se quieren guardar Torrents de Emergencia por si se cae la Web?",
      "default": true,
      "enabled": true,
      "visible": "!eq(-1,'No')"
    },
    {
      "id": "clonenewpct1_channel_default",
      "type": "list",
      "label": "Clone de NewPct1 por defecto",
      "default": 0,
      "enabled": true,
      "visible": true,
      "lvalues": [
        "Aleatorio",
        "Maxitorrent",
        "Pctmix1",
        "Pctreload1"
      ]
    },
    {
      "id": "clonenewpct1_channels_list",
      "type": "text",
      "label": "Lista de clones de NewPct1 y orden de uso",
      "default": "('1', 'maxitorrent', 'https://maxitorrent.com/', 'movie, tvshow, season, episode', ''), ('1', 'pctmix1', 'https://pctmix1.com/', 'movie, tvshow, season, episode', ''), ('1', 'pctreload1', 'https://pctreload1.com/', 'movie, tvshow, season, episode', ''), ('0', 'pctmix', 'https://pctmix.com/', 'movie, tvshow, season, episode', ''), ('0', 'pctreload', 'https://pctreload.com/', 'movie, tvshow, season, episode', ''), ('0', 'descargas2020', 'https://descargas2020.net/', 'movie, tvshow, season, episode', ''), ('0', 'tumejortorrent', 'https://tumejortorrent.org/', 'movie, tvshow, season, episode', ''), ('0', 'torrentrapid', 'https://torrentrapid.org/', 'movie, tvshow, season, episode', 'serie_episodios'), ('0', 'planetatorrent', 'http://planetatorrent.com/', 'movie, tvshow, season, episode', ''), ('0', 'tvsinpagar', 'http://www.tvsinpagar.com/', 'tvshow, season, episode', ''), ('0', 'torrentlocura', 'https://torrentlocura.cc/', 'movie, tvshow, season, episode', ''), ('0', 'mispelisyseries', 'http://mispelisyseries.com/', 'movie', 'search, listado_busqueda'), ('0', 'pctnew', 'https://pctnew.org/', 'movie, tvshow, season, episode', '')",
      "enabled": true,
      "visible": false
    },
    {
      "id": "intervenidos_channels_list",
      "type": "text",
      "label": "Lista de canales y clones de NewPct1 intervenidos y orden de sustitución de URLs",
      "default": "('0', 'canal_org', 'canal_des', 'url_org', 'url_des', 'patron1', 'patron2', 'patron3', 'patron4', 'patron5', 'content_inc', 'content_exc', 'ow_force'), ('0', 'canal_org', 'canal_des', 'url_org', 'url_des', 'patron1', 'patron2', 'patron3', 'patron4', 'patron5', 'content_inc', 'content_exc', 'ow_force'), ('1', 'pctreload', 'pctreload1', 'pctreload.com', 'https://pctreload1.com/', '\u0028http\\S+\u0029\\/\\w+-\u0028?:org|com\u0029', '', '', '', '', '*', '', 'no'), ('1', 'pctmix', 'pctmix1', 'pctmix.com', 'https://pctmix1.com/', '\u0028http\\S+\u0029\\/\\w+-\u0028?:org|com\u0029', '', '', '', '', '*', '', 'no'), ('1', 'descargas2020', 'maxitorrent', 'descargas2020.com', 'https://maxitorrent.com/', '\u0028http\\S+\u0029\\/\\w+-\u0028?:org|com\u0029', '', '', '', '', '*', '', 'no'), ('1', 'descargas2020', 'maxitorrent', 'descargas2020.org', 'https://maxitorrent.com/', '\u0028http\\S+\u0029\\/\\w+-\u0028?:org|com\u0029', '', '', '', '', '*', '', 'no'), ('1', 'pctnew', 'maxitorrent', 'pctnew.com', 'https://maxitorrent.com/', '\u0028http\\S+\u0029\\/\\w+-\u0028?:org|com\u0029', '', '', '', '', '*', '', 'no'), ('1', 'pctnew', 'maxitorrent', 'pctnew.org', 'https://maxitorrent.com/', '\u0028http\\S+\u0029\\/\\w+-\u0028?:org|com\u0029', '', '', '', '', '*', '', 'no'), ('1', 'tumejortorrent', 'maxitorrent', 'tumejortorrent.com', 'https://maxitorrent.com/', '\u0028http\\S+\u0029\\/\\w+-\u0028?:org|com\u0029', '', '', '', '', '*', '', 'no'), ('1', 'torrentrapid', 'maxitorrent', 'torrentrapid.com', 'https://maxitorrent.com/', '\u0028http\\S+\u0029\\/\\w+-\u0028?:org|com\u0029', '', '', '', '', '*', '', 'no'), ('1', 'torrentlocura', 'maxitorrent', 'torrentlocura.com', 'https://maxitorrent.com/', '\u0028http\\S+\u0029\\/\\w+-\u0028?:org|com\u0029', '', '', '', '', '*', '', 'no'), ('1', 'tvsinpagar', 'maxitorrent', 'www.tvsinpagar.com', 'https://maxitorrent.com/', '\u0028http\\S+\u0029\\/\\w+-\u0028?:org|com\u0029', '', '', '', '', '*', '', 'no'), ('1', 'mispelisyseries', 'maxitorrent', 'mispelisyseries.com', 'https://maxitorrent.com/', '\u0028http\\S+\u0029\\/\\w+-\u0028?:org|com\u0029', '', '', '', '', '*', '', 'no'), ('1', 'planetatorrent', 'maxitorrent', 'planetatorrent.com', 'https://maxitorrent.com/', '\u0028http\\S+\u0029\\/\\w+-\u0028?:org|com\u0029', '', '', '', '', '*', '', 'no'), ('1', 'pepecine', 'pepecine', '*', 'https://verencasa.com', '', '', '', '', '', '*', '', 'no'), ('1', 'mejortorrent', 'mejortorrent', '*', 'https://www.mejortorrento.net', '', '', '', '', '', '*', '', 'no'), ('1', 'mejortorrent1', 'mejortorrent1', '*', 'https://mejortorrent.one', '', '', '', '', '', '*', '', 'no'), ('1', 'grantorrent', 'grantorrent', '*', 'https://grantorrent.nl', '', '', '', '', '', '*', '', 'no'), ('1', 'subtorrents', 'subtorrents', '*', 'https://www.subtorrents.ch', '', '', '', '', '', '*', '', 'no'), ('1', 'elitetorrent', 'elitetorrent', '*', 'https://www.elitetorrent.com', '', '', '', '', '', '*', '', 'no'), ('1', 'cinecalidad', 'cinecalidad', '*', 'http://www.cinecalidad.im', '', '', '', '', '', '*', '', 'no'), ('1', 'cuevana3', 'cuevana3', '*', 'https://cuevana3.io', '', '', '', '', '', '*', '', 'no'), ('1', 'dontorrent', 'dontorrent', '*', 'https://dontorrent.lol', '', '', '', '', '', '*', '', 'no'), ('1', 'pelisplay', 'pelisplay', '*', 'https://www.pelisplay.co', '', '', '', '', '', '*', '', 'no'), ('1', 'estrenosgo', 'estrenosgo', '*', 'https://estrenosflix.org', '', '', '', '', '', '*', '', 'no'), ('1', 'tekilaz', 'tekilaz', '*', 'https://tekilaz.co', '', '', '', '', '', '*', '', 'no'), ('1', 'poseidonhd', 'poseidonhd', '*', 'https://tekilaz.co', '', '', '', '', '', '*', '', 'no'), ('1', 'poseidonhdd', 'poseidonhdd', '*', 'https://tekilaz.co', '', '', '', '', '', '*', '', 'no'), ('1', 'poseidonhd', 'poseidonhd', '*', 'https://tekilaz.co', '', '', '', '', '', '*', '', 'no'), ('1', 'cinetorrent', 'cinetorrent', '*', 'http://cinetorrent.co', '', '', '', '', '', '*', '', 'no'), ('1', 'divxtotal', 'divxtotal', '*', 'https://www.divxtotal.ch', '', '', '', '', '', '*', '', 'no'), ('1', 'tvanime', 'tvanime', '*', 'https://monoschinos2.com', '', '', '', '', '', '*', '', 'no'), ('1', 'inkapelis', 'inkapelis', '*', 'https://inkapelis.me', '', '', '', '', '', '*', '', 'no'), ('1', 'madeintorrent', 'madeintorrent', '*', 'https://www.madeintorrent.org', '', '', '', '', '', '*', '', 'no'), ('1', 'seriesflix', 'seriesflix', '*', 'https://seriesflix.nu', '', '', '', '', '', '*', '', 'no'), ('1', 'hdfull', 'hdfull', '*', 'https://hdfull.one', '', '', '', '', '', '*', '', 'no')",
      "enabled": true,
      "visible": false
    },
    {
      "id": "seleccionar_ult_temporadda_activa",
      "type": "bool",
      "label": "Seleccionar para Videoteca si estará activa solo la última Temporada",
      "default": true,
      "enabled": true,
      "visible": true
    },
    {
      "id": "clonenewpct1_ver_enlaces_veronline",
      "type": "list",
      "label": "Mostrar enlaces Ver Online",
      "default": 1,
      "enabled": true,
      "visible": true,
      "lvalues": [
        "No",
        "Todos",
        "1",
        "5",
        "10",
        "20"
      ]
    },
    {
      "id": "clonenewpct1_verificar_enlaces_veronline",
      "type": "list",
      "label": "Verificar enlaces Ver Online",
      "default": 0,
      "enabled": true,
      "visible": "!eq(-1,'No')",
      "lvalues": [
        "No",
        "Todos",
        "1",
        "5",
        "10",
        "20"
      ]
    },
    {
      "id": "clonenewpct1_verificar_enlaces_veronline_validos",
      "type": "bool",
      "label": "¿Contar sólo enlaces 'verificados' en Ver Online?",
      "default": true,
      "enabled": true,
      "visible": "!eq(-1,'No') + !eq(-2,'No')"
    },
    {
      "id": "clonenewpct1_excluir1_enlaces_veronline",
      "type": "list",
      "label": "Excluir Servidores para Ver Online",
      "default": 22,
      "max_excl": 5,
      "enabled": true,
      "visible": "!eq(-3,'No')",
      "lvalues": [
        "No",
        "Bankupload",
        "Clipwatching",
        "Flashx",
        "Katfile",
        "Mega",
        "Mexashare",
        "Movshare",
        "Mowvideo",
        "Openload",
        "Powvideo",
        "Rapidgator",
        "Streamango",
        "Streamcloud",
        "Streame",
        "Streaminto",
        "Streamplay",
        "Thevideo",
        "Turbobit",
        "Uploadedto",
        "Uptobox",
        "Userscloud",
        "Vidabc",
        "Vidspot"
      ]
    },
    {
      "id": "clonenewpct1_excluir2_enlaces_veronline",
      "type": "list",
      "label": "Excluir Servidores para Ver Online",
      "default": 12,
      "enabled": true,
      "visible": "!eq(-1,'No')",
      "lvalues": [
        "No",
        "Bankupload",
        "Clipwatching",
        "Flashx",
        "Katfile",
        "Mega",
        "Mexashare",
        "Movshare",
        "Mowvideo",
        "Openload",
        "Powvideo",
        "Rapidgator",
        "Streamango",
        "Streamcloud",
        "Streame",
        "Streaminto",
        "Streamplay",
        "Thevideo",
        "Turbobit",
        "Uploadedto",
        "Uptobox",
        "Userscloud",
        "Vidabc",
        "Vidspot"
      ]
    },
    {
      "id": "clonenewpct1_excluir3_enlaces_veronline",
      "type": "list",
      "label": "Excluir Servidores para Ver Online",
      "default": 20,
      "enabled": true,
      "visible": "!eq(-1,'No')",
      "lvalues": [
        "No",
        "Bankupload",
        "Clipwatching",
        "Flashx",
        "Katfile",
        "Mega",
        "Mexashare",
        "Movshare",
        "Mowvideo",
        "Openload",
        "Powvideo",
        "Rapidgator",
        "Streamango",
        "Streamcloud",
        "Streame",
        "Streaminto",
        "Streamplay",
        "Thevideo",
        "Turbobit",
        "Uploadedto",
        "Uptobox",
        "Userscloud",
        "Vidabc",
        "Vidspot"
      ]
    },
    {
      "id": "clonenewpct1_excluir4_enlaces_veronline",
      "type": "list",
      "label": "Excluir Servidores para Ver Online",
      "default": 0,
      "enabled": true,
      "visible": "!eq(-1,'No')",
      "lvalues": [
        "No",
        "Bankupload",
        "Clipwatching",
        "Flashx",
        "Katfile",
        "Mega",
        "Mexashare",
        "Movshare",
        "Mowvideo",
        "Openload",
        "Powvideo",
        "Rapidgator",
        "Streamango",
        "Streamcloud",
        "Streame",
        "Streaminto",
        "Streamplay",
        "Thevideo",
        "Turbobit",
        "Uploadedto",
        "Uptobox",
        "Userscloud",
        "Vidabc",
        "Vidspot"
      ]
    },
    {
      "id": "clonenewpct1_excluir5_enlaces_veronline",
      "type": "list",
      "label": "Excluir Servidores para Ver Online",
      "default": 0,
      "enabled": true,
      "visible": "!eq(-1,'No')",
      "lvalues": [
        "No",
        "Bankupload",
        "Clipwatching",
        "Flashx",
        "Katfile",
        "Mega",
        "Mexashare",
        "Movshare",
        "Mowvideo",
        "Openload",
        "Powvideo",
        "Rapidgator",
        "Streamango",
        "Streamcloud",
        "Streame",
        "Streaminto",
        "Streamplay",
        "Thevideo",
        "Turbobit",
        "Uploadedto",
        "Uptobox",
        "Userscloud",
        "Vidabc",
        "Vidspot"
      ]
    },
    {
      "id": "clonenewpct1_ver_enlaces_descargas",
      "type": "list",
      "label": "Mostrar enlaces Descargas",
      "default": 0,
      "enabled": true,
      "visible": true,
      "lvalues": [
        "No",
        "Todos",
        "1",
        "5",
        "10",
        "20",
        "30",
        "50",
        "100"
      ]
    },
    {
      "id": "clonenewpct1_verificar_enlaces_descargas",
      "type": "list",
      "label": "Verificar enlaces Descargas",
      "default": 0,
      "enabled": true,
      "visible": "!eq(-1,'No')",
      "lvalues": [
        "No",
        "Todos",
        "1",
        "5",
        "10",
        "20",
        "30",
        "50",
        "100"
      ]
    },
        {
      "id": "clonenewpct1_verificar_enlaces_descargas_validos",
      "type": "bool",
      "label": "¿Contar sólo enlaces 'verificados' en Descargar?",
      "default": true,
      "enabled": true,
      "visible": "!eq(-1,'No') + !eq(-2,'No')"
    },
    {
      "id": "clonenewpct1_excluir1_enlaces_descargas",
      "type": "list",
      "label": "Excluir Servidores para Ver Descargas",
      "default": 0,
      "enabled": true,
      "visible": "!eq(-3,'No')",
      "lvalues": [
        "No",
        "Bankupload",
        "Clipwatching",
        "Flashx",
        "Katfile",
        "Mega",
        "Mexashare",
        "Movshare",
        "Mowvideo",
        "Openload",
        "Powvideo",
        "Rapidgator",
        "Streamango",
        "Streamcloud",
        "Streame",
        "Streaminto",
        "Streamplay",
        "Thevideo",
        "Turbobit",
        "Uploadedto",
        "Uptobox",
        "Userscloud",
        "Vidabc",
        "Vidspot"
      ]
    },
    {
      "id": "clonenewpct1_excluir2_enlaces_descargas",
      "type": "list",
      "label": "Excluir Servidores para Ver Descargas",
      "default": 0,
      "enabled": true,
      "visible": "!eq(-1,'No')",
      "lvalues": [
        "No",
        "Bankupload",
        "Clipwatching",
        "Flashx",
        "Katfile",
        "Mega",
        "Mexashare",
        "Movshare",
        "Mowvideo",
        "Openload",
        "Powvideo",
        "Rapidgator",
        "Streamango",
        "Streamcloud",
        "Streame",
        "Streaminto",
        "Streamplay",
        "Thevideo",
        "Turbobit",
        "Uploadedto",
        "Uptobox",
        "Userscloud",
        "Vidabc",
        "Vidspot"
      ]
    },
    {
      "id": "clonenewpct1_excluir3_enlaces_descargas",
      "type": "list",
      "label": "Excluir Servidores para Descargas",
      "default": 0,
      "enabled": true,
      "visible": "!eq(-1,'No')",
      "lvalues": [
        "No",
        "Bankupload",
        "Clipwatching",
        "Flashx",
        "Katfile",
        "Mega",
        "Mexashare",
        "Movshare",
        "Mowvideo",
        "Openload",
        "Powvideo",
        "Rapidgator",
        "Streamango",
        "Streamcloud",
        "Streame",
        "Streaminto",
        "Streamplay",
        "Thevideo",
        "Turbobit",
        "Uploadedto",
        "Uptobox",
        "Userscloud",
        "Vidabc",
        "Vidspot"
      ]
    },
    {
      "id": "clonenewpct1_excluir4_enlaces_descargas",
      "type": "list",
      "label": "Excluir Servidores para Descargas",
      "default": 0,
      "enabled": true,
      "visible": "!eq(-1,'No')",
      "lvalues": [
        "No",
        "Bankupload",
        "Clipwatching",
        "Flashx",
        "Katfile",
        "Mega",
        "Mexashare",
        "Movshare",
        "Mowvideo",
        "Openload",
        "Powvideo",
        "Rapidgator",
        "Streamango",
        "Streamcloud",
        "Streame",
        "Streaminto",
        "Streamplay",
        "Thevideo",
        "Turbobit",
        "Uploadedto",
        "Uptobox",
        "Userscloud",
        "Vidabc",
        "Vidspot"
      ]
    },
    {
      "id": "clonenewpct1_excluir5_enlaces_descargas",
      "type": "list",
      "label": "Excluir Servidores para Descargas",
      "default": 0,
      "enabled": true,
      "visible": "!eq(-1,'No')",
      "lvalues": [
        "No",
        "Bankupload",
        "Clipwatching",
        "Flashx",
        "Katfile",
        "Mega",
        "Mexashare",
        "Movshare",
        "Mowvideo",
        "Openload",
        "Powvideo",
        "Rapidgator",
        "Streamango",
        "Streamcloud",
        "Streame",
        "Streaminto",
        "Streamplay",
        "Thevideo",
        "Turbobit",
        "Uploadedto",
        "Uptobox",
        "Userscloud",
        "Vidabc",
        "Vidspot"
      ]
    },
    {
      "id": "include_in_newest_peliculas",
      "type": "bool",
      "label": "Incluir en Novedades - Peliculas",
      "default": true,
      "enabled": true,
      "visible": false
    },
    {
      "id": "include_in_newest_latino",
      "type": "bool",
      "label": "Incluir en Novedades - Latino",
      "default": true,
      "enabled": true,
      "visible": false
    },
    {
      "id": "include_in_newest_4k",
      "type": "bool",
      "label": "Incluir en Novedades - 4K",
      "default": true,
      "enabled": true,
      "visible": false
    },
    {
      "id": "include_in_newest_torrent",
      "type": "bool",
      "label": "Incluir en Novedades - Torrent",
      "default": true,
      "enabled": true,
      "visible": false
    },
    {
      "id": "clonenewpct1_timeout_downloadpage",
      "type": "list",
      "label": "Timeout (segs.) en descarga de páginas o verificación de servidores",
      "default": 5,
      "enabled": true,
      "visible": true,
      "lvalues": [
        "None",
        "1",
        "2",
        "3",
        "4",
        "5",
        "6",
        "7",
        "8",
        "9",
        "10"
      ]
    },
    {
      "id": "season_colapse",
      "type": "bool",
      "label": "Seleccionar si quiere colapsar las Temporadas de Series",
      "default": true,
      "enabled": true,
      "visible": true
    },
    {
      "id": "clonenewpct1_rango_fechas_novedades",
      "type": "list",
      "label": "Rango de fechas para búsquedas en Novedades",
      "default": 2,
      "enabled": true,
      "visible": true,
      "lvalues": [
        "Hoy",
        "Ayer",
        "Semana",
        "Mes",
        "Siempre"
      ]
    },
    {
      "id": "clonenewpct1_serie_episodio_novedades",
      "type": "list",
      "label": "Ver en Novedades las series como episodios sueltos o serie completa",
      "default": 1,
      "enabled": true,
      "visible": true,
      "lvalues": [
        "Episodios sueltos",
        "Serie completa"
      ]
    }
  ]
}