{
	"id": "playdede",
	"name": "Playdede",
	"active": true,
	"adult": false,
	"language": [
		"cast",
		"lat",
		"vose",
		"vos"
	],
	"login_required": true,
	"thumbnail": "https://playdede.com/assets/image/logo.png",
	"fanart": "https://i.imgur.com/A1AZwk6.jpg",
	"banner": "",
	"categories": [
		"anime",
		"movie",
		"tvshow"
	],
	"settings": [
		{
			"id": "user",
			"type": "text",
			"label": "@30014",
			"enabled": true,
			"visible": true
		},
		{
			"id": "pass",
			"type": "text",
			"label": "@30015",
			"hidden": true,
			"enabled": "!eq(-1,'')",
			"visible": true
		},
		{
			"id": "show_langs",
			"type": "bool",
			"label": "Mostrar idiomas en titulos",
			"default": true,
			"enabled": true,
			"visible": true
		},
		{
			"id": "filter_languages",
			"type": "list",
			"label": "Mostrar enlaces en idioma...",
			"default": 0,
			"enabled": true,
			"visible": true,
			"lvalues": [
				"No filtrar",
				"CAST",
				"LAT",
				"VOSE",
				"VOS",
				"VO"
			]
		},
		{
			"id": "include_in_global_search",
			"type": "bool",
			"label": "Incluir en busqueda global",
			"default": false,
			"enabled": true,
			"visible": true
		}
	]
}