{
  "active": true,
  "find_videos": {
    "ignore_urls": [],
    "patterns": [
      {
        "pattern": "(https://www.bravoporn.com/videos/[0-9]+/)",
        "url": "\\1"
      },
      {
        "pattern": "(http(?:s|)://www.perfectgirls.net/gal/[0-9]+/[A-z0-9-]+)",
        "url": "\\1"
      },
      {
        "pattern": "((?:pornone|xbabe|cumlouder).com/(?:es/|)embed/[0-9-]+)",
        "url": "https://\\1"
      },
      {
        "pattern": "(https://www.bravotube.net/videos/[A-z0-9-]+/)",
        "url": "\\1"
      },
      {
        "pattern": "(https://(?:www.|)(?:porncake|porngo|xxxfiles).(?:com|tv)/videos/[0-9]+/[A-z0-9-]+(?:/|))",
        "url": "\\1/"
      },
      {
        "pattern": "(http(?:s|)://(?:www.|)(?:fuckamouth|hd-porn|freehdporn|thehdporn).(?:com|co|xyz|ru)/hdporn/[0-9]+/[A-z0-9-]+(?:/|))",
        "url": "\\1"
      },
      {
        "pattern": "(https://(?:www.|)freeuseporn.com/video/[0-9]+/[A-z0-9-]+(?:/|))",
        "url": "\\1"
      },
      {
        "pattern": "(https://es.anyporn.com/[0-9]+/)",
        "url": "\\1"
      },
      {
        "pattern": "(https://www.alphaporno.com/videos/[A-z0-9-]+/)",
        "url": "\\1"
      },
      {
        "pattern": "(https://(?:www.|)(?:xfreehd|tubewolf|sextvx|pornxp).(?:com|net)/(?:es/|)(?:video|videos|embed)/[0-9]+(?:/|))",
        "url": "\\1"
      },
      {
        "pattern": "(https://(?:xbabe|crocotube|pinflix).com/videos/[A-z0-9-]+/)",
        "url": "\\1"
      },
      {
        "pattern": "(https://xcum.com/v/[0-9-]+/)",
        "url": "\\1"
      },
      {
        "pattern": "(https://sex3.com/[0-9-]+/)",
        "url": "\\1"
      },
      {
        "pattern": "(https://www.tubewolf.com/movies/[A-z0-9-]+/)",
        "url": "\\1"
      },
      {
        "pattern": "(https://pornone.com/[A-z0-9-]+/[A-z0-9-]+/[0-9]+(?:/|))",
        "url": "\\1"
      },
      {
        "pattern": "(https://(?:www.|)pvideo.(?:nl|cz)/[A-z0-9-]+(?:/|))",
        "url": "\\1"
      },
      {
        "pattern": "https://www.pornheed.com/(?:video|embed)/([0-9]+)",
        "url": "https://www.pornheed.com/embed/\\1"
      },
      {
        "pattern": "(https://(?:anysex|fapality).com/[0-9]+/)",
        "url": "\\1"
      },
      {
        "pattern": "https://www.((?:12milf|allnporn)).com/([A-z0-9-]+/)",
        "url": "https://www.\\1.com/\\2"
      },
      {
        "pattern": "(https://www.adptube.com/video/[A-z0-9-]+/[A-z0-9-]+)",
        "url": "\\1"
      },
      {
        "pattern": "(https://www.cumlouder.com/(?:es/|)(?:porn-video|videos)/[A-z0-9-]+/)",
        "url": "\\1"
      },
      {
        "pattern": "(https://www.porndrake.com/pornvideo/[A-z0-9-]+/)",
        "url": "\\1"
      },
      {
        "pattern": "(https://(?:www.|)(?:collectionofbestporn|xerotica).com/video/[A-z0-9-]+.html)",
        "url": "\\1"
      },
      {
        "pattern": "(https://hellporno.com/(?:videos|embed)/[A-z0-9-]+)",
        "url": "\\1"
      },
      {
        "pattern": "(https://pornez.net/player/\\?v=[A-z0-9-]+)",
        "url": "\\1"
      },
      {
        "pattern": "(https://www.private.com/scene/[A-z0-9-]+/[0-9]+)",
        "url": "\\1"
      },
      {
        "pattern": "(xgroovy.com/videos/[0-9]+)",
        "url": "https://\\1/a"
      },
      {
        "pattern": "(https://www.pornworms.com/[0-9]+/[A-z0-9-]+/)",
        "url": "\\1"
      },
      {
        "pattern": "(okporn.xxx/v/[0-9]+)",
        "url": "https://\\1"
      },
      {
        "pattern": "(https://jizzberry.com/vids/[0-9]+/[A-z0-9-]+(?:/|))",
        "url": "\\1"
      },
      {
        "pattern": "(https://playenix.com/(?:embed|watch)/[A-z0-9-_]+(?:.html|))",
        "url": "\\1"
      },
      {
        "pattern": "(https://xxxshake.com/videos/[0-9]+/[A-z0-9-]+)",
        "url": "\\1"
      }
    ]
  },
  "free": true,
  "id": "bravoporn",
  "name": "bravoporn",
  "settings": [
    {
      "default": false,
      "enabled": true,
      "id": "black_list",
      "label": "@60654",
      "type": "bool",
      "visible": true
    },
    {
      "default": 0,
      "enabled": true,
      "id": "favorites_servers_list",
      "label": "@60655",
      "lvalues": [
        "No",
        "1",
        "2",
        "3",
        "4",
        "5"
      ],
      "type": "list",
      "visible": false
    }
  ],
  "thumbnail": ""
}
