{
  "id": "vi2",
  "name": "vi2",
  "active": false,
  "adult": false,
  "language": ["lat", "cast"],
  "thumbnail": "https://i.postimg.cc/0Qy9wf8b/vi2.png",
  "banner": "",
  "fanart": "",
  "categories": [
    "movie",
    "vos",
    "torrent"
  ],
  "settings": [
    {
      "id": "include_in_global_search",
      "type": "bool",
      "label": "Incluir en busqueda global",
      "default": false,
      "enabled": true,
      "visible": true
    },
    {
      "id": "filter_languages",
      "type": "list",
      "label": "Mostrar enlaces en idioma...",
      "default": 0,
      "enabled": true,
      "visible": true,
      "lvalues": [
        "No filtrar",
        "LAT",
        "CAST",
        "VOSE",
        "VO"
      ]
    },
    {
      "id": "comprueba_enlaces",
      "type": "bool",
      "label": "Verificar si los enlaces existen",
      "default": false,
      "enabled": true,
      "visible": true
    },
    {
      "id": "comprueba_enlaces_num",
      "type": "list",
      "label": "Número de enlaces a verificar",
      "default": 1,
      "enabled": true,
      "visible": "eq(-1,true)",
      "lvalues": [ "5", "10", "15", "20" ]
    }
  ]
}
