{
  "id": "estadepelis",
  "name": "Estadepelis",
  "active": true,
  "adult": false,
  "language": ["lat"],
  "thumbnail": "https://s24.postimg.cc/nsgit7fhh/estadepelis.png",
  "banner": "https://s28.postimg.cc/ud0l032ul/estadepelis_banner.png",
  "categories": [
    "movie"
  ],
  "settings": [
    {
      "id": "include_in_global_search",
      "type": "bool",
      "label": "Incluir en busqueda global",
      "default": false,
      "enabled": false,
      "visible": false
    },
    {
      "id": "filter_languages",
      "type": "list",
      "label": "Mostrar enlaces en idioma...",
      "default": 0,
      "enabled": true,
      "visible": true,
      "lvalues": [
        "No filtrar",
        "Latino",
        "VOS"
      ]
    },
    {
      "id": "include_in_newest_latino",
      "type": "bool",
      "label": "Incluir en Novedades - Latino",
      "default": true,
      "enabled": true,
      "visible": true
    },
    {
      "id": "include_in_newest_peliculas",
      "type": "bool",
      "label": "Incluir en Novedades - Peliculas",
      "default": true,
      "enabled": true,
      "visible": true
    },
    {
      "id": "include_in_newest_infantiles",
      "type": "bool",
      "label": "Incluir en Novedades - Infantiles",
      "default": true,
      "enabled": true,
      "visible": true
    },
    {
      "id": "include_in_newest_terror",
      "type": "bool",
      "label": "Incluir en Novedades - Terror",
      "default": true,
      "enabled": true,
      "visible": true
    }
  ]
}
