{
  "id": "allcalidad",
  "name": "Allcalidad",
  "active": true,
  "adult": false,
  "language": ["lat"],
  "thumbnail": "https://s22.postimg.org/irnlwuizh/allcalidad1.png",
  "banner": "https://s22.postimg.org/9y1athlep/allcalidad2.png",
  "version": 1,
  "changes": [
    {
      "date": "14/07/2017",
      "description": "Primera version"
    }
  ],
  "categories": [
    "movie",
    "direct"
  ],
  "settings": [
    {
      "id": "modo_grafico",
      "type": "bool",
      "label": "Buscar información extra",
      "default": true,
      "enabled": true,
      "visible": true
    },
    {
      "id": "include_in_global_search",
      "type": "bool",
      "label": "Incluir en busqueda global",
      "default": true,
      "enabled": true,
      "visible": true
    },
    {
      "id": "include_in_newest_peliculas",
      "type": "bool",
      "label": "Incluir en Novedades - Peliculas",
      "default": true,
      "enabled": true,
      "visible": true
    },
    {
      "id": "include_in_newest_infantiles",
      "type": "bool",
      "label": "Incluir en Novedades - Infantiles",
      "default": true,
      "enabled": true,
      "visible": true
    },
    {
      "id": "include_in_newest_terror",
      "type": "bool",
      "label": "Incluir en Novedades - terror",
      "default": true,
      "enabled": true,
      "visible": true
    }
  ]
}
