{
  "id": "cuelgame",
  "name": "Cuelgame",
  "active": false,
  "adult": false,
  "language": ["cast"],
  "thumbnail": "cuelgame.png",
  "banner": "cuelgame.png",
  "categories": [
    "torrent",
    "movie",
    "tvshow",
    "documentary",
    "vos"
  ],
  "settings": [
    {
      "id": "include_in_global_search",
      "type": "bool",
      "label": "Incluir en busqueda global",
      "default": true,
      "enabled": true,
      "visible": true
    },
    {
      "id": "include_in_newest_torrent",
      "type": "bool",
      "label": "Incluir en Novedades - Torrent",
      "default": true,
      "enabled": true,
      "visible": true
    }
  ]
}
