{
  "active": true,
  "find_videos": {
    "ignore_urls": [],
    "patterns": [
      {
        "pattern": "(?s)https://youtube.googleapis.com.*?docid=([A-z0-9-_=]+)",
        "url": "http://docs.google.com/get_video_info?docid=\\1"
      },
      {
        "pattern": "(?s)http://docs.google.com/get_video_info.*?docid=([A-z0-9-_=]+)",
        "url": "http://docs.google.com/get_video_info?docid=\\1"
      },
      {
        "pattern": "http(?:s:|:)//drive.google.com/(?:uc|open)\\?id=([A-z0-9-_=]+)",
        "url": "http://docs.google.com/get_video_info?docid=\\1"
      },
      {
        "pattern": "(?s)(?:https|http)://(?:docs|drive).google.com/file/d/([^/]+)/(?:preview|edit|view)",
        "url": "http://docs.google.com/get_video_info?docid=\\1"
      },
      {
        "pattern": "(?s)https://(lh.).googleusercontent.com/([A-z0-9-_=]+)",
        "url": "https://\\1.googleusercontent.com/\\2"
      }
    ]
  },
  "free": true,
  "id": "gvideo",
  "name": "gvideo",
  "premium": [
    "realdebrid",
    "alldebrid"
  ],
  "settings": [
    {
      "default": false,
      "enabled": true,
      "id": "black_list",
      "label": "@60654",
      "type": "bool",
      "visible": true
    },
    {
      "default": 0,
      "enabled": true,
      "id": "favorites_servers_list",
      "label": "@60655",
      "lvalues": [
        "No",
        "1",
        "2",
        "3",
        "4",
        "5"
      ],
      "type": "list",
      "visible": false
    }
  ],
  "thumbnail": "https://i.postimg.cc/43CFNw7M/gvideo.png"
}
