{
  "id": "mispelisyseries",
  "name": "Mispelisyseries",
  "active": true,
  "adult": false,
  "language": ["cast", "lat"],
  "thumbnail": "http://mispelisyseries.com/mps/library/content/template_mps/images/logomps.png",
  "banner": "",
  "categories": [
    "torrent",
    "movie",
    "tvshow"
  ],
  "settings": [
    {
      "id": "include_in_global_search",
      "type": "bool",
      "label": "Incluir en busqueda global",
      "default": false,
      "enabled": true,
      "visible": true
    },
    {
      "id": "include_in_newest_peliculas",
      "type": "bool",
      "label": "Incluir en Novedades - Peliculas",
      "default": true,
      "enabled": true,
      "visible": true
    },
    {
      "id": "include_in_newest_series",
      "type": "bool",
      "label": "Incluir en Novedades - Episodios de series",
      "default": true,
      "enabled": true,
      "visible": true
    },
    {
      "id": "include_in_newest_torrent",
      "type": "bool",
      "label": "Incluir en Novedades - Torrent",
      "default": true,
      "enabled": true,
      "visible": true
    },
    {
      "id": "include_in_newest_4k",
      "type": "bool",
      "label": "Incluir en Novedades - 4K",
      "default": true,
      "enabled": true,
      "visible": true
    }
  ]
}