{
  "active": true,
  "find_videos": {
    "ignore_urls": [],
    "patterns": [
      {
        "pattern": "(https://(?:www.|)(?:0dayporn|submityourflicks|3movs).com/video(?:s|)/[0-9]+/[A-z0-9-]+/)",
        "url": "\\1"
      },
      {
        "pattern": "(https://(?:www.|)(?:javbangers|fapnado|xozilla|camwhoresbay|pornrewind|dato.porn)(?:.com|)/(?:video|videos)/[0-9]+/[A-z0-9-]+(?:/|))",
        "url": "\\1"
      },
      {
        "pattern": "(https://www.vipporns.com/videos/[A-z0-9-]+/)",
        "url": "\\1"
      },
      {
        "pattern": "(https://www.analdin.com/es/videos/[0-9]+/[A-z0-9-]+/)",
        "url": "\\1"
      },
      {
        "pattern": "(https://severeporn.com/embed/\\w+)",
        "url": "\\1"
      }
    ]
  },
  "free": true,
  "id": "ktp",
  "name": "ktp",
  "settings": [
    {
      "default": false,
      "enabled": true,
      "id": "black_list",
      "label": "@60654",
      "type": "bool",
      "visible": true
    },
    {
      "default": 0,
      "enabled": true,
      "id": "favorites_servers_list",
      "label": "@60655",
      "lvalues": [
        "No",
        "1",
        "2",
        "3",
        "4",
        "5"
      ],
      "type": "list",
      "visible": false
    }
  ],
  "thumbnail": ""
}
