{
  "id": "clubdecine",
  "name": "Club De Cine",
  "active": false,
  "adult": false,
  "language": ["cast", "lat"],
  "thumbnail":"https://i.postimg.cc/05JfQNw9/clubdecine.png",
  "banner": "",
  "fanart": "",
  "categories": [
    "movie",
    "vos"
  ],
  "force_unify": true,
  "settings": [
    {
      "id": "filter_languages",
      "type": "list",
      "label": "Mostrar enlaces en idioma...",
      "default": 0,
      "enabled": true,
      "visible": true,
      "lvalues": [
        "No filtrar"
      ]
    }
  ]
}
