{
  "id": "pelisplusco",
  "name": "PelisPlus.co",
  "active": false,
  "adult": false,
  "language": ["lat"],
  "thumbnail": "https://s26.postimg.cc/jov1pmbh5/pelisplusco.png",
  "banner": "https://s26.postimg.cc/4hf259jmh/pelisplusco-banner.png",
  "fanart": "",
  "categories": [
    "movie",
    "tvshow",
    "documentary",
    "direct"
  ],
  "version": 1,
  "settings": [
    {
      "id": "include_in_global_search",
      "type": "bool",
      "label": "Incluir en busqueda global",
      "default": false,
      "enabled": true,
      "visible": true
    },
    {
      "id": "filter_languages",
      "type": "list",
      "label": "Mostrar enlaces en idioma...",
      "default": 0,
      "enabled": true,
      "visible": true,
      "lvalues": [
        "No filtrar",
        "Lat",
        "Cast",
        "VOSE"
      ]
    }
  ]
}
