{
	"active": true,
	"find_videos": {
		"ignore_urls": [],
		"patterns": [
			{
				"pattern": "https://fastream.to/emb.html\\?(.+?)=",
				"url": "https://fastream.to/embed-\\1.html?auto=1&referer="
			}
		]
	},
	"free": true,
	"id": "fastream",
	"name": "fastream",
	"settings": [
		{
			"default": false,
			"enabled": true,
			"id": "black_list",
			"label": "@60654",
			"type": "bool",
			"visible": true
		},
		{
			"default": 0,
			"enabled": true,
			"id": "favorites_servers_list",
			"label": "@60655",
			"lvalues": [
				"No",
				"1",
				"2",
				"3",
				"4",
				"5"
			],
			"type": "list",
			"visible": false
		}
	],
	"thumbnail": "http://fastream.to/images/logo.png"
}