{
  "active": true,
  "find_videos": {
    "ignore_urls": [],
    "patterns": [
      {
        "pattern": "(https://www.youporn.com/(?:embed|watch)/[0-9]+/[A-z0-9-]+/)",
        "url": "\\1"
      },
       {
        "pattern": "(https://www.youporn.com/embed/[0-9]+/)",
        "url": "\\1"
      }
   ]
  },
  "free": true,
  "id": "youporn",
  "name": "youporn",
  "settings": [
    {
      "default": false,
      "enabled": true,
      "id": "black_list",
      "label": "@60654",
      "type": "bool",
      "visible": true
    },
    {
      "default": 0,
      "enabled": true,
      "id": "favorites_servers_list",
      "label": "@60655",
      "lvalues": [
        "No",
        "1",
        "2",
        "3",
        "4",
        "5"
      ],
      "type": "list",
      "visible": false
    }
  ],
  "thumbnail": ""
}
