{
  "id": "gnula_biz",
  "name": "Gnula.Biz",
  "active": false,
  "adult": false,
  "language": ["cast", "lat"],
  "thumbnail": "gnula_biz.png",
  "banner": "gnula_biz.png",
  "categories": [
    "movie",
    "tvshow",
    "vos"
  ],
  "settings": [
    {
      "id": "include_in_global_search",
      "type": "bool",
      "label": "Incluir en busqueda global",
      "default": false,
      "enabled": true,
      "visible": true
    },
    {
      "id": "filter_languages",
      "type": "list",
      "label": "Mostrar enlaces en idioma...",
      "default": 0,
      "enabled": true,
      "visible": true,
      "lvalues": [
        "No filtrar",
        "LAT",
        "CAST",
        "VOSE",
        "VO"
      ]
    },
    {
      "id": "save_last_search",
      "type": "bool",
      "label": "Guardar última búsqueda",
      "default": true,
      "enabled": true,
      "visible": true
    },
    {
      "id": "include_in_newest_peliculas",
      "type": "bool",
      "label": "Incluir en Novedades - Películas",
      "default": true,
      "enabled": true,
      "visible": true
    },
    {
      "id": "include_in_newest_series",
      "type": "bool",
      "label": "Incluir en Novedades - Series",
      "default": true,
      "enabled": true,
      "visible": true
    },
    {
      "id": "modo_grafico",
      "type": "bool",
      "label": "Buscar información extra",
      "default": true,
      "enabled": true,
      "visible": true
    },
    {
      "id": "comprueba_enlaces",
      "type": "bool",
      "label": "Verificar si los enlaces existen",
      "default": false,
      "enabled": true,
      "visible": true
    },
    {
      "id": "comprueba_enlaces_num",
      "type": "list",
      "label": "Número de enlaces a verificar",
      "default": 1,
      "enabled": true,
      "visible": "eq(-1,true)",
      "lvalues": [ "5", "10", "15", "20" ]
    },
    {
      "id": "perfil",
      "type": "list",
      "label": "Perfil de color",
      "default": 2,
      "enabled": true,
      "visible": true,
      "lvalues": [
        "Perfil 3",
        "Perfil 2",
        "Perfil 1",
        "Ninguno"
      ]
    },
    {
      "id": "menu_info",
      "type": "bool",
      "label": "Mostrar menú intermedio película/episodio",
      "default": false,
      "enabled": false,
      "visible": false
    },
    {
      "id": "last_page",
      "type": "bool",
      "label": "Ocultar opción elegir página en películas (Kodi)",
      "default": false,
      "enabled": true,
      "visible": true
    },
    {
      "id": "filtro_defecto_peliculas",
      "type": "label",
      "enabled": true,
      "visible": false
    },
    {
      "id": "pers_peliculas1",
      "type": "label",
      "enabled": true,
      "visible": false
    },
    {
      "id": "pers_peliculas2",
      "type": "label",
      "enabled": true,
      "visible": false
    },
    {
      "pers_peliculas3": {
        "type": "label",
        "enabled": true,
        "visible": false
      }
    },
    {
      "id": "filtro_defecto_series",
      "type": "label",
      "enabled": true,
      "visible": false
    },
    {
      "id": "pers_series1",
      "type": "label",
      "enabled": true,
      "visible": false
    },
    {
      "id": "pers_series2",
      "type": "label",
      "enabled": true,
      "visible": false
    },
    {
      "id": "pers_series3",
      "type": "label",
      "enabled": true,
      "visible": false
    },
    {
      "id": "last_search",
      "type": "text",
      "enabled": true,
      "visible": false
    }
  ]
}
