{
  "id": "peliscon",
  "name": "Peliscon",
  "active": false,
  "adult": false,
  "language": ["cast"],
  "thumbnail": "http://imgur.com/yTQRPUJ.png",
  "categories": [
    "movie",
    "tvshow"
  ],
  "settings": [
    {
      "id": "modo_grafico",
      "type": "bool",
      "label": "Buscar información extra",
      "default": true,
      "enabled": true,
      "visible": true
    },
    {
      "id": "include_in_global_search",
      "type": "bool",
      "label": "Incluir en busqueda global",
      "default": true,
      "enabled": true,
      "visible": true
    }
  ]
}