{
	"id": "erairaws",
	"name": "Erai-Raws",
	"active": true,
	"adult": false,
	"force_unify": true,
	"language": ["vos"],
	"thumbnail": "https://i.imgur.com/GvLkFFO.png",
	"banner": "",
	"fanart": "https://i.imgur.com/56ya0TT.png",
	"categories": [
		"anime",
		"torrent",
		"vos"
	],
	"settings": [
		{
			"id": "include_in_global_search",
			"type": "bool",
			"label": "Incluir en busqueda global",
			"default": false,
			"enabled": true,
			"visible": true
		},
		{
			"id": "include_in_newest_anime",
			"type": "bool",
			"label": "Incluir en Novedades - Episodios de anime",
			"default": false,
			"enabled": true,
			"visible": true
		},
		{
			"id": "filter_by",
			"type": "bool",
			"label": "Mostrar solo animes con subtítulos en el idioma seleccionados",
			"default": true,
			"enabled": "eq(3,false)",
			"visible": true
		},
		{
			"id": "filter_subs_lang",
			"type": "list",
			"label": "Mostrar solo animes que contengan subtitulos en",
			"default": 5,
			"enabled": "eq(-1,true)",
			"visible": true,
			"lvalues": [
				"Francés",
				"Alemán",
				"Italiano",
				"Inglés",
				"Portugués",
				"Español (incl. latino)"
			]
		},
		{
			"id": "include_vo",
			"type": "bool",
			"label": "Incluir versiones originales (raws)",
			"default": false,
			"enabled": "eq(-2,true)",
			"visible": true
		},
		{
			"id": "filter_vo",
			"type": "bool",
			"label": "Mostrar sólo versiones originales",
			"default": false,
			"enabled": "eq(-3,false)",
			"visible": true
		}
	]
}