{
  "id": "tvseriesdk",
  "name": "TVSeriesdk",
  "active": false,
  "adult": false,
  "language": ["lat"],
  "thumbnail": "https://s13.postimg.cc/jrvqmqfnb/tvseriesdk.png",
  "banner": "https://s16.postimg.cc/r6mbel0f9/tvseriesdk-banner.png",
  "version": 1,
  "categories": [
    "tvshow"
  ],
  "settings": [
    {
      "id": "include_in_global_search",
      "type": "bool",
      "label": "Incluir en busqueda global",
      "default": false,
      "enabled": false,
      "visible": false
    },
    {
      "id": "include_in_newest_peliculas",
      "type": "bool",
      "label": "Incluir en Novedades - Peliculas",
      "default": true,
      "enabled": true,
      "visible": true
    },
    {
      "id": "include_in_newest_infantiles",
      "type": "bool",
      "label": "Incluir en Novedades - Infantiles",
      "default": true,
      "enabled": true,
      "visible": true
    }
  ]
}