{
  "id": "videolibrary",
  "name": "Videoteca",
  "active": false,
  "adult": false,
  "language": ["*"],
  "settings": [
    {
      "id": "update",
      "type": "list",
      "label": "@60601",
      "default": 1,
      "visible": true,
      "lvalues": [
        "@60602",
        "@60603",
        "@60604",
        "@60605",
        "@60608"
      ]
    },
    {
      "id": "update_wait",
      "type": "list",
      "label": "@60606",
      "default": 0,
      "visible": true,
      "enabled": "eq(-1,@60603)|eq(-1,@60605)",
      "lvalues": [
        "No",
        "@60609",
        "@60610",
        "@60611",
        "@60612",
        "2 min",
        "5 min"
      ]
    },
    {
      "id": "everyday_delay",
      "type": "list",
      "label": "@60613",
      "default": 1,
      "visible": true,
      "enabled": "eq(-2,@60604)|eq(-2,@60605)|eq(-2,@60608)",
      "lvalues": [
        "00:00",
        "04:00",
        "08:00",
        "12:00",
        "16:00",
        "20:00"
      ]
    },
    {
      "id": "everyday_delay_2",
      "type": "list",
      "label": "@60613",
      "default": 5,
      "visible": "eq(-3,@60608)",
      "enabled": "eq(-3,@60608)",
      "lvalues": [
        "00:00",
        "04:00",
        "08:00",
        "12:00",
        "16:00",
        "20:00"
      ]
    },
    {
      "id": "updatetvshows_interval",
      "type": "list",
      "label": "@60614",
      "default": 0,
      "visible": true,
      "enabled": "!eq(-4,@60615)",
      "lvalues": [
        "@60616",
        "@60617"
      ]
    },
    {
      "id": "search_new_content",
      "type": "list",
      "label": "@60618",
      "default": 0,
      "enabled": "!eq(-5,@60615)",
      "lvalues": [
        "@60619",
        "@60620"
      ]
    },
    {
      "id": "addition",
      "type": "label",
      "label": "@70092",
      "enabled": true,
      "visible": true
    },
    {
      "id": "enable_filter",
      "type": "bool",
      "label": "@70090",
      "enabled": true,
      "visible": true,
      "default": false
    },
    {
      "id": "filters",
      "type": "text",
      "label": "@70091",
      "visible": true,
      "enabled": "eq(-1,true)"
    },
    
    {
      "id": "window_type",
      "type": "list",
      "label": "@60621",
      "default": 0,
      "enabled": true,
      "visible": true,
      "lvalues": [
        "@60622",
        "@60623"
      ]
    },
    {
      "id": "max_links",
      "type": "list",
      "label": "@60624",
      "default": 0,
      "enabled": true,
      "visible": true,
      "lvalues": [
        "@60625",
        "30",
        "60",
        "90",
        "120",
        "150",
        "180",
        "210"
      ]
    },
    {
      "id": "white_list_order",
      "type": "bool",
      "label": "@60626",
      "enabled": true,
      "visible": true,
      "default": false
    },
    {
      "id": "quit_channel_name",
      "type": "bool",
      "label": "@60627",
      "enabled": true,
      "visible": true,
      "default": false
    },
    {
      "id": "replace_VD",
      "type": "bool",
      "label": "@60628",
      "enabled": true,
      "visible": true,
      "default": false
    },
    {
      "id": "db_mode",
      "type": "list",
      "label": "@60629",
      "default": 0,
      "enabled": true,
      "visible": true,
      "lvalues": [
        "@60630",
        "@60631"
      ]
    },
    {
      "id": "xbmc_host",
      "type": "text",
      "label": "@60632",
      "visible": true,
      "enabled": "eq(-1,Remota)"
    },
    {
      "id": "xbmc_puerto",
      "type": "text",
      "label": "@60633",
      "enabled": "!eq(-1,'')",
      "visible": true
    },
    {
      "id": "mark_as_watched",
      "type": "bool",
      "label": "@60634",
      "default": true,
      "enabled": true,
      "visible": true
    },
    {
      "id": "watched_setting",
      "type": "list",
      "label": "@60635",
      "default": 3,
      "visible": true,
      "enabled": "eq(-1,true)",
      "lvalues": [
        "5 min",
        "30%",
        "50%",
        "80%",
        "@60636"
      ]
    },
    {
      "id": "sync_trakt",
      "type": "label",
      "label": "@60637",
      "enabled": true,
      "visible": true
    },
    {
      "id": "sync_trakt_watched",
      "type": "bool",
      "label": "@60638",
      "default": false,
      "visible": true,
      "enabled": "eq(-3,true)"
    },
    {
      "id": "sync_trakt_notification",
      "type": "bool",
      "label": "@60639",
      "default": true,
      "visible": true,
      "enabled": "eq(-1,true)"
    },
    {
      "id": "sync_trakt_new_tvshow",
      "type": "bool",
      "label": "@60640",
      "default": false,
      "enabled": true,
      "visible": true
    },
    {
      "id": "sync_trakt_new_tvshow_wait",
      "type": "bool",
      "label": "@60641",
      "default": true,
      "visible": true,
      "enabled": "eq(-1,true)"
    },
    {
      "id": "show_all_seasons",
      "type": "bool",
      "label": "@60642",
      "default": true
    },
    {
      "id": "no_pile_on_seasons",
      "type": "list",
      "label": "@60643",
      "default": 1,
      "lvalues": [
        "@60648",
        "@60644",
        "@60616"
      ]
    },
    {
      "id": "ask_channel",
      "type": "bool",
      "label": "@60645",
      "default": false
    },
    {
      "id": "original_title_folder",
      "type": "list",
      "label": "@60646",
      "default": 0,
      "lvalues": [
        "@60647",
        "@60649"
      ]
    },
    {
      "id": "lowerize_title",
      "type": "list",
      "label": "Crear directorios con letras en minúsculas",
      "default": 0,
      "lvalues": [
        "Si",
        "No"
      ]
    },
    {
      "id": "lab_1",
      "type": "label",
      "label": "@60650",
      "enabled": true,
      "visible": true
    },
    {
      "id": "scraper_movies",
      "type": "list",
      "label": "@60651",
      "enabled": false,
      "default": 0,
      "lvalues": [
        "TheMovieDB.org",
        "None"
      ]
    },
    {
      "id": "scraper_tvshows",
      "type": "list",
      "label": "@60652",
      "default": 0,
      "lvalues": [
        "TheMovieDB.org",
        "TheTvDB.com"
      ]
    },
    {
      "id": "tvdb_retry_eng",
      "type": "bool",
      "label": "@60653",
      "default": true,
      "enabled": "eq(-1,TheTvDB.com)",
      "visible": true
    },
    {
      "id": "verify_playcount",
      "type": "bool",
      "label": "Verificación de los contadores de vídeos vistos/no vistos (desmarcar para verificar)",
      "default": false
    },
    {
      "id": "videolibrary_backup",
      "type": "text",
      "label": "Direccion(es) local o remota para hacer Backup de la Videoteca  ",
      "enabled": true,
      "visible": true
    },
    {
      "id": "videolibrary_backup_scan",
      "type": "bool",
      "label": "Desea solo Scan de videoteca Kodi (backup)?",
      "default": false,
      "visible": true
    }
  ]
}
