{
  "id": "doramasmp4",
  "name": "DoramasMP4",
  "active": false,
  "adult": false,
  "language": [],
  "thumbnail": "https://s14.postimg.cc/ibh4znkox/doramasmp4.png",
  "banner": "",
  "fanart": "",
  "categories": [
    "tvshow",
    "vos"
  ],
  "settings": [
    {
      "id": "include_in_global_search",
      "type": "bool",
      "label": "Incluir en busqueda global",
      "default": true,
      "enabled": false,
      "visible": false
    },
    {
      "id": "filter_languages",
      "type": "list",
      "label": "Mostrar enlaces en idioma...",
      "default": 0,
      "enabled": true,
      "visible": true,
      "lvalues": [
        "No filtrar",
        "VOSE",
        "VO"
      ]
    }
  ]
}
