{
  "id": "ultrapeliculashd",
  "name": "UltraPeliculasHD",
  "active": false,
  "adult": false,
  "language": ["lat"],
  "thumbnail": "https://s13.postimg.cc/d042quw9j/ultrapeliculashd.png",
  "banner": "https://s9.postimg.cc/5yxsq205r/ultrapeliculashd_banner.png",
  "fanart": "",
  "categories": [
    "movie",
    "direct"
  ],
  "settings": [
    {
      "id": "include_in_global_search",
      "type": "bool",
      "label": "Incluir en busqueda global",
      "default": false,
      "enabled": true,
      "visible": true
    },
    {
      "id": "filter_languages",
      "type": "list",
      "label": "Mostrar enlaces en idioma...",
      "default": 0,
      "enabled": true,
      "visible": true,
      "lvalues": [
      "No filtrar",
      "LAT",
      "CAST",
      "VOSE"
      ]
    },
    {
      "id": "include_in_newest_latino",
      "type": "bool",
      "label": "Incluir en Novedades - Latino",
      "default": true,
      "enabled": true,
      "visible": true
    },
    {
      "id": "include_in_newest_peliculas",
      "type": "bool",
      "label": "Incluir en Novedades - Peliculas",
      "default": false,
      "enabled": true,
      "visible": true
    },
    {
      "id": "include_in_newest_infantiles",
      "type": "bool",
      "label": "Incluir en Novedades - Infantiles",
      "default": false,
      "enabled": true,
      "visible": true
    },
    {
      "id": "include_in_newest_terror",
      "type": "bool",
      "label": "Incluir en Novedades -Terror",
      "default": false,
      "enabled": true,
      "visible": true
    }
  ]
}
