{
  "id": "zoowoman",
  "name": "Zoowoman",
  "active": true,
  "adult": false,
  "language": ["lat", "cast"],
  "thumbnail": "https://zoowoman.website/wp/wp-content/uploads/2017/08/logo-gafas3d-2.png",
  "banner": "",
  "categories": [
    "movie",
    "direct",
    "torrent",
    "vos"
  ],
  "settings": [
    {
      "id": "filter_languages",
      "type": "list",
      "label": "Mostrar enlaces en idioma...",
      "default": 0,
      "enabled": true,
      "visible": true,
      "lvalues": [
        "No filtrar",
        "VOSE",
        "VOS",
        "Lat",
        "Cast"
      ]
    },
    {
      "id": "full_title_view",
      "type": "bool",
      "label": "Ver títulos completos de las películas",
      "default": false,
      "enabled": true,
      "visible": true
    },
     {
      "id": "modo_grafico",
      "type": "bool",
      "label": "Buscar información extra",
      "default": true,
      "enabled": true,
      "visible": true
    },
    {
      "id": "include_in_newest_peliculas",
      "type": "bool",
      "label": "Incluir en Novedades - Peliculas",
      "default": true,
      "enabled": true,
      "visible": true
    },
    {
      "id": "perfil",
      "type": "list",
      "label": "Perfil de color",
      "default": 3,
      "enabled": true,
      "visible": true,
      "lvalues": [
        "Sin color",
        "Perfil 3",
        "Perfil 2",
        "Perfil 1"
      ]
    }
  ]
}
