{
  "active": true,
  "find_videos": {
    "ignore_urls": [],
    "patterns": [
      {
        "pattern": "(https://(?:www.|)(?:0dayporn|severeporn|submityourflicks|3movs|xtits|sleazyneasy|babestube|wankoz|vikiporn|katestube|pornhat|pornomovies|lesbian8|pornsexer|pornmega|xxxymovies).com/video(?:s|)/[0-9]+/[A-z0-9-]+/)",
        "url": "\\1"
      },
      {
        "pattern": "(https://(?:www.|)(?:fetishshrine|javbangers|fapnado|xozilla|camwhoresbay|pornrewind|dato.porn|megatube|zbporn|momvids|wankoz|4kporn|freeporn8|porndictator|fapster|rat|pornwhite|pornicom)(?:.com|.xxx|)/(?:video|videos)/[0-9]+/[A-z0-9-]+(?:/|))",
        "url": "\\1"
      },
      {
        "pattern": "(https://(?:www.|)(?:vipporns|porngem|frprn).com/(?:videos|clips)/[A-z0-9-]+/)",
        "url": "\\1"
      },
      {
        "pattern": "(https://www.analdin.com/es/videos/[0-9]+/[A-z0-9-]+/)",
        "url": "\\1"
      },
      {
        "pattern": "(https://severeporn.com/embed/\\w+)",
        "url": "\\1"
      },
      {
        "pattern": "(http://www.(?:camwhores|camwhoreshd|camvideos|cwtvembeds).(?:tv|com|org)/embed/[A-z0-9-]+)",
        "url": "\\1"
      },
      {
        "pattern": "(?:http|https)://datoporn.(?:co|com)/(embed-[A-z0-9-]+.html)",
        "url": "https://dato.porn/\\1"
      },
      {
        "pattern": "(https://www.porn00.(?:org|tv)/video/[A-z0-9-]+/)",
        "url": "\\1"
      },
      {
        "pattern": "(https://www.theyarehuge.com/v/[A-z0-9-.]+/)",
        "url": "\\1"
      },
      {
        "pattern": "(https://ok.xxx/video/[0-9]+/)",
        "url": "\\1"
      },
      {
        "pattern": "(https://www.fpo.xxx/videos/[0-9]+/[A-z0-9-.]+/)",
        "url": "\\1"
      },
      {
        "pattern": "(https://www.tabooporn.tv/videos/[0-9]+/[A-z0-9-]+/)",
        "url": "\\1"
      },
      {
        "pattern": "(https://www.pervclips.com/tube/videos/[A-z0-9-]+/)",
        "url": "\\1"
      },
      {
        "pattern": "(https://www.crockotube.com/watch/[A-z0-9-]+)",
        "url": "\\1"
      },
      {
        "pattern": "(?:http|https)://www.sexvid.xxx/([A-z0-9-]+.html)",
        "url": "https://www.sexvid.xxx/\\1"
      },
      {
        "pattern": "(https://www.teenpornvideo.sex/videos/[0-9]+/[A-z0-9-]+/)",
        "url": "\\1"
      },
      {
        "pattern": "(https://pornwild.to(?:/es|)/embed/\\w+)",
        "url": "\\1"
      },
      {
        "pattern": "(https://pornwild.to(?:/es|)/videos/[0-9]+/[A-z0-9-]+/)",
        "url": "\\1"
      }
      ]
  },
  "free": true,
  "id": "ktp",
  "name": "ktp",
  "settings": [
    {
      "default": false,
      "enabled": true,
      "id": "black_list",
      "label": "@60654",
      "type": "bool",
      "visible": true
    },
    {
      "default": 0,
      "enabled": true,
      "id": "favorites_servers_list",
      "label": "@60655",
      "lvalues": [
        "No",
        "1",
        "2",
        "3",
        "4",
        "5"
      ],
      "type": "list",
      "visible": false
    }
  ],
  "thumbnail": ""
}
