{
  "active": true,
  "find_videos": {
    "ignore_urls": [],
    "patterns": [
      {
        "pattern": "(https://vup.to/(?:embed-|v/|e/)[A-z0-9]+(?:.html|))",
        "url": "\\1"
      },
      {
        "pattern": "https://vup.to/emb.html\\?(?:v/|e/|)([A-z0-9]+)",
        "url": "https://vup.to/embed-\\1.html"
      }
    ]
  },
  "free": true,
  "id": "vup",
  "name": "vup",
  "settings": [
    {
      "default": false,
      "enabled": true,
      "id": "black_list",
      "label": "@60654",
      "type": "bool",
      "visible": true
    },
    {
      "default": 0,
      "enabled": true,
      "id": "favorites_servers_list",
      "label": "@60655",
      "lvalues": [
        "No",
        "1",
        "2",
        "3",
        "4",
        "5"
      ],
      "type": "list",
      "visible": false
    }
  ],
  "thumbnail": "https://i.postimg.cc/ZKjvqXxj/vup.png"
}
