{
  "id": "mejortorrent",
  "name": "Mejor Torrent",
  "active": true,
  "adult": false,
  "language": ["*"],
  "thumbnail": "mejortorrent.png",
  "banner": "mejortorrent.png",
  "categories": [
    "torrent",
    "movie",
    "tvshow",
    "documentary"
  ],
  "settings": [
    {
      "id": "include_in_global_search",
      "type": "bool",
      "label": "Incluir en busqueda global",
      "default": true,
      "enabled": true,
      "visible": true
    },
    {
      "id": "modo_grafico",
      "type": "bool",
      "label": "Buscar información extra (TMDB)",
      "default": true,
      "enabled": true,
      "visible": true
    },
    {
      "id": "seleccionar_ult_temporadda_activa",
      "type": "bool",
      "label": "Seleccionar para Videoteca si estará activa solo la última Temporada",
      "default": true,
      "enabled": true,
      "visible": true
    },
    {
      "id": "include_in_newest_peliculas",
      "type": "bool",
      "label": "Incluir en Novedades - Peliculas",
      "default": true,
      "enabled": true,
      "visible": true
    },
    {
      "id": "include_in_newest_documentales",
      "type": "bool",
      "label": "Incluir en Novedades - Documentales",
      "default": true,
      "enabled": true,
      "visible": true
    }
  ]
}