{
    "id": "zentorrents",
    "name": "Zentorrent",
    "active": false,
    "adult": false,
    "language": ["cast"],
    "banner": "zentorrents.png",
    "thumbnail": "http://s6.postimg.cc/9zv90yjip/zentorrentlogo.jpg",
    "categories": [
        "torrent",
        "movie",
        "tvshow"
    ],
    "settings": [
        {
            "id": "include_in_global_search",
            "type": "bool",
            "label": "Incluir en busqueda global",
            "default": true,
            "enabled": true,
            "visible": true
        }
    ]
}