{
  "active": true,
  "find_videos": {
    "ignore_urls": [],
    "patterns": [
      {
        "pattern": "https://gounlimited.to/(?:embed-|)(\\w+)(?:\\.html|/|)",
        "url": "https://gounlimited.to/embed-\\1.html"
      },
      {
        "pattern": "https://gounlimited.to/(\\w+)/\\w+.",
        "url": "https://gounlimited.to/embed-\\1.html"
      }
    ]
  },
  "free": true,
  "id": "gounlimited",
  "name": "gounlimited",
  "settings": [
    {
      "default": false,
      "enabled": true,
      "id": "black_list",
      "label": "@60654",
      "type": "bool",
      "visible": true
    },
    {
      "default": 0,
      "enabled": true,
      "id": "favorites_servers_list",
      "label": "@60655",
      "lvalues": [
        "No",
        "1",
        "2",
        "3",
        "4",
        "5"
      ],
      "type": "list",
      "visible": false
    }
  ],
  "thumbnail": "https://s31.postimg.cc/bsiaj2q2j/goo.png"
}