﻿<?xml version="1.0" encoding="UTF-8" standalone="yes"?>
<addon id="plugin.video.alfa" name="Alfa" version="1.5.1" provider-name="Alfa Addon">
  <requires>
    <import addon="xbmc.python" version="2.1.0"/>
    <import addon="script.module.libtorrent" optional="true"/>
  </requires>
  <extension point="xbmc.python.pluginsource" library="default.py">
    <provides>video</provides>
  </extension>
  <extension point="xbmc.addon.metadata">
    <summary lang="es">Sumario en Español</summary>
    <assets>
      <icon>icon.png</icon>
      <fanart>fanart.jpg</fanart>
      <screenshot>resources/media/general/ss/1.jpg</screenshot>
      <screenshot>resources/media/general/ss/2.jpg</screenshot>
      <screenshot>resources/media/general/ss/3.jpg</screenshot>
      <screenshot>resources/media/general/ss/4.jpg</screenshot>
    </assets>
      <news>[B]Estos son los cambios para esta versión:[/B]
      [COLOR green][B]Canales arreglos[/B][/COLOR]
      [I]- yaske
      - pelifox
      - ver-pelis[/I]
      [COLOR green][B]Servidor arreglado[/B][/COLOR]
      - gvideo
      [COLOR green][B]Novedades y mejoras[/B][/COLOR]
      [I] - arreglos internos
      - Directos - Nueva sección de canales con enlaces directos: Gvideo y vimeo
      - videoteca - problemas con unicode fixed
      - compatibilidad con la biblioteca de pelisalacarta[/I]
    </news>
    <description lang="es">Descripción en Español</description>
    <summary lang="en">English summary</summary>
    <description lang="en">English description</description>
    <disclaimer>[COLOR red]The owners and submitters to this addon do not host or distribute any of the content displayed by these addons nor do they have any affiliation with the content providers.[/COLOR]</disclaimer>
    <platform>all</platform>
    <license>GNU GPL v3</license>
    <forum>foro</forum>
    <website>web</website>
    <email>my@email.com</email>
    <source>source</source>
  </extension>
  <extension point="xbmc.service" library="videolibrary_service.py" start="login|startup">
  </extension>
</addon>
