<?xml version="1.0" encoding="UTF-8"?>
<addon id="repository.github" name="GitHub TORREST Add-on repository" version="0.0.5" provider-name="i96751414">
    <requires>
        <import addon="xbmc.addon" version="12.0.0"/>
        <import addon="script.module.requests"/>
        <import addon="script.module.futures" optional="true"/>
    </requires>
    <extension point="xbmc.addon.repository">
        <info>http://127.0.0.1:61234/addons.xml</info>
        <checksum>http://127.0.0.1:61234/addons.xml.md5</checksum>
        <datadir>http://127.0.0.1:61234/</datadir>
    </extension>
    <extension point="xbmc.python.script" library="default.py"/>
    <extension point="xbmc.service" library="service.py"/>
    <extension point="xbmc.addon.metadata">
        <platform>all</platform>
        <license>See https://github.com/i96751414/repository.github/blob/master/LICENSE</license>
        <source>https://github.com/i96751414/repository.github</source>
        <summary lang="en">GitHub virtual Add-on repository for TORREST and others</summary>
        <description lang="en">Customizable repository which acts as a proxy for defined GitHub users' add-ons updates, like TORREST.</description>
        <summary lang="es">Repositorio GitHub virtual para el Add-on TORREST y otros</summary>
        <description lang="es">Repositorio configurable que actúa como un proxy para add-ons disponibles en GitHub, como TORREST.</description>
        <platform>all</platform>
        <news>
            - Initial release
        </news>
        <assets>
            <icon>icon.png</icon>
        </assets>
    </extension>
</addon>