{
  "id": "cinefox",
  "name": "Cinefox",
  "active": true,
  "adult": false,
  "language": ["cast", "lat"],
  "version": 1,
  "thumbnail": "cinefox.png",
  "banner": "cinefox.png",
  "changes": [
    {
      "date": "01/08/2017",
      "description": "Agregado servidor gvideo"
    },
    {
      "date": "05/04/2017",
      "description": "Cambio en los servidores"
    },
    {
      "date": "21/03/2017",
      "description": "Adaptado a httptools y corregido episodios para videoteca"
    },
    {
      "date": "18/07/2016",
      "description": "Primera version"
    }
  ],
  "categories": [
    "movie",
    "tvshow",
    "vos"
  ],
  "settings": [
    {
      "id": "include_in_global_search",
      "type": "bool",
      "label": "Incluir en busqueda global",
      "default": true,
      "enabled": true,
      "visible": true
    },
    {
      "id": "save_last_search",
      "type": "bool",
      "label": "Guardar última búsqueda",
      "default": true,
      "enabled": true,
      "visible": true
    },
    {
      "id": "include_in_newest_peliculas",
      "type": "bool",
      "label": "Incluir en Novedades - Películas",
      "default": true,
      "enabled": true,
      "visible": true
    },
    {
      "id": "include_in_newest_series",
      "type": "bool",
      "label": "Incluir en Novedades - Series",
      "default": true,
      "enabled": true,
      "visible": true
    },
    {
      "id": "modo_grafico",
      "type": "bool",
      "label": "Buscar información extra",
      "default": true,
      "enabled": true,
      "visible": true
    },
    {
      "id": "perfil",
      "type": "list",
      "label": "Perfil de color",
      "default": 2,
      "enabled": true,
      "visible": true,
      "lvalues": [
        "Perfil 3",
        "Perfil 2",
        "Perfil 1",
        "Ninguno"
      ]
    },
    {
      "id": "menu_info",
      "type": "bool",
      "label": "Mostrar menú intermedio película/episodio",
      "default": true,
      "enabled": true,
      "visible": true
    },
    {
      "id": "last_page",
      "type": "bool",
      "label": "Ocultar opción elegir página en películas (Kodi)",
      "default": false,
      "enabled": true,
      "visible": true
    },
    {
      "id": "filtro_defecto_peliculas",
      "type": "label",
      "enabled": true,
      "visible": false
    },
    {
      "id": "pers_peliculas1",
      "type": "label",
      "enabled": true,
      "visible": false
    },
    {
      "id": "pers_peliculas2",
      "type": "label",
      "enabled": true,
      "visible": false
    },
    {
      "pers_peliculas3": {
        "type": "label",
        "enabled": true,
        "visible": false
      }
    },
    {
      "id": "filtro_defecto_series",
      "type": "label",
      "enabled": true,
      "visible": false
    },
    {
      "id": "pers_series1",
      "type": "label",
      "enabled": true,
      "visible": false
    },
    {
      "id": "pers_series2",
      "type": "label",
      "enabled": true,
      "visible": false
    },
    {
      "id": "pers_series3",
      "type": "label",
      "enabled": true,
      "visible": false
    },
    {
      "id": "last_search",
      "type": "text",
      "enabled": true,
      "visible": false
    }
  ]
}
