{
  "id": "cinecalidad",
  "name": "CineCalidad",
  "active": true,
  "adult": false,
  "language": ["cast", "lat"],
  "thumbnail": "https://s31.postimg.org/puxmvsi7v/cinecalidad.png",
  "banner": "https://s32.postimg.org/kihkdpx1x/banner_cinecalidad.png",
  "version": 1,
  "changes": [
    {
      "date": "01/08/2017",
      "description": "Cambio de estructura"
    },
    {
      "date": "24/06/2017",
      "description": "Cambios para autoplay"
    },
    {
      "date": "06/06/2017",
      "description": "Compatibilidad con AutoPlay"
    },
    {
      "date": "15/03/2017",
      "description": "limpieza código"
    },
    {
      "date": "18/06/2016",
      "description": "First release."
    }
  ],
  "categories": [
    "movie"
  ],
  "settings": [
    {
      "id": "include_in_global_search",
      "type": "bool",
      "label": "Incluir en busqueda global",
      "default": false,
      "enabled": false,
      "visible": false
    },
    {
      "id": "filter_languages",
      "type": "list",
      "label": "Mostrar enlaces en idioma...",
      "default": 0,
      "enabled": true,
      "visible": true,
      "lvalues": [
        "No filtrar",
        "Latino",
        "Español",
        "Portuges"
      ]
    },
    {
      "id": "include_in_newest_peliculas",
      "type": "bool",
      "label": "Incluir en Novedades - Peliculas",
      "default": true,
      "enabled": true,
      "visible": true
    },
    {
      "id": "include_in_newest_infantiles",
      "type": "bool",
      "label": "Incluir en Novedades - Infantiles",
      "default": true,
      "enabled": true,
      "visible": true
    }
  ]
}
