{
  "id": "estrenosgo",
  "name": "EstrenosGo",
  "active": true,
  "adult": false,
  "language": ["cast"],
  "fanart": "https://github.com/master-1970/resources/raw/master/images/fanart/estrenosgo.png",
  "thumbnail": "https://github.com/master-1970/resources/raw/master/images/squares/estrenosgo.png",
  "banner": "estrenosgo.png",
  "version": 1,
  "changes": [
    {
      "date": "15/05/16",
      "description": "Compatibilidad con python anteriores a la 2.7"
    },
    {
      "date": "03/05/16",
      "description": "Modificado por cambios en la web"
    },
    {
      "date": "29/04/16",
      "description": "Version inicial"
    }
  ],
  "categories": [
    "movie",
    "tvshow",
    "torrent"
  ]
}