{
  "id": "idocumentales",
  "name": "Idocumentales",
  "active": true,
  "adult": false,
  "language": ["cast", "lat"],
  "thumbnail": "https://s27.postimg.org/pjq3y552b/idocumentales.png",
  "banner": "https://s16.postimg.org/6d8bh1z1x/idocumentales_banner.png",
  "version": 1,
  "changes": [
    {
      "date": "25/05/2017",
      "description": "cambios esteticos"
    },
    {
      "date": "18/06/2016",
      "description": "First release"
    }
  ],
  "categories": [
    "documentary"
  ],
  "settings": [
    {
      "id": "include_in_global_search",
      "type": "bool",
      "label": "Incluir en busqueda global",
      "default": true,
      "enabled": true,
      "visible": true
    },
    {
      "id": "include_in_newest_documentales",
      "type": "bool",
      "label": "Incluir en Novedades - Documentales",
      "default": true,
      "enabled": true,
      "visible": true
    }
  ]
}