{
  "id": "mejortorrent",
  "name": "Mejor Torrent",
  "active": true,
  "adult": false,
  "language": ["cast"],
  "thumbnail": "mejortorrent.png",
  "banner": "mejortorrent.png",
  "version": 1,
  "changes": [
    {
      "date": "17/04/2017",
      "description": "Arreglado error que impedía el uso del canal"
    },
    {
      "date": "01/07/2016",
      "description": "Eliminado código innecesario."
    }
  ],
  "categories": [
    "torrent",
    "movie",
    "tvshow",
    "documentary"
  ],
  "settings": [
    {
      "id": "include_in_global_search",
      "type": "bool",
      "label": "Incluir en busqueda global",
      "default": false,
      "enabled": true,
      "visible": true
    }
  ]
}