{
  "id": "pasateatorrent",
  "name": "PasateaTorrent",
  "active": true,
  "adult": false,
  "language": ["cast"],
  "thumbnail": "http://imgur.com/iLeISt0.png",
  "banner": "pasateatorrent.png",
  "version": 1,
  "changes": [
    {
      "date": "06/12/2016",
      "description": "Release"
    },
    {
      "date": "13/01/2017",
      "description": "Arreglo sagas en peliculas que no se mostraban.Mejoras en series/info-capitulos"
    },
    {
      "date": "04/04/2017",
      "description": "Migración httptools.Adaptación proxy según Kodi sea igual o menor v.17.Pequeñas mejoras código"
    },
    {
      "date": "28/06/2017",
      "description": "Correciones código y algunas mejoras"
    }
  ],
  "categories": [
    "torrent",
    "movie",
    "tvshow"
  ],
  "settings": [
    {
      "id": "include_in_global_search",
      "type": "bool",
      "label": "Incluir en busqueda global",
      "default": true,
      "enabled": true,
      "visible": true
    }
  ]
}