{
  "id": "pedropolis",
  "name": "PedroPolis",
  "active": true,
  "adult": false,
  "language": ["cast", "lat"],
  "fanart": "https://scontent-lht6-1.xx.fbcdn.net/v/t31.0-8/21056316_670362456502498_8317422545691005578_o.png?oh=1f13a23a931d82e944a7ec743a19f583&oe=5A599F4D",
  "thumbnail": "https://scontent-lht6-1.xx.fbcdn.net/v/t1.0-9/20292600_467501756957771_6794721577753226614_n.jpg?oh=bba1479eccf0adceeb8c0d3450cc2531&oe=5A4EE0F5",
  "banner": "",
  "version": 1,
  "changes": [
    {
      "date": "15/08/17",
      "description": "Nuevo Canal"
    }
  ],
  "categories": [
    "movie",
    "tvshow",
    "vos"
  ],
  "settings": [
    {
      "id": "modo_grafico",
      "type": "bool",
      "label": "Buscar información extra",
      "default": true,
      "enabled": true,
      "visible": true
    },
    {
      "id": "perfil",
      "type": "list",
      "label": "Perfil de color",
      "default": 3,
      "enabled": true,
      "visible": true,
      "lvalues": [
        "Sin color",
        "Perfil 5",
        "Perfil 4",
        "Perfil 3",
        "Perfil 2",
        "Perfil 1"
      ]
    },
    {
      "id": "orden_episodios",
      "type": "bool",
      "label": "Mostrar los episodios de las series en orden descendente",
      "default": false,
      "enabled": true,
      "visible": true
    },
    {
      "id": "include_in_newest_peliculas",
      "type": "bool",
      "label": "Incluir en Novedades - Peliculas",
      "default": true,
      "enabled": true,
      "visible": true
    },
    {
      "id": "include_in_newest_infantiles",
      "type": "bool",
      "label": "Incluir en Novedades - Infantiles",
      "default": true,
      "enabled": true,
      "visible": true
    }
  ]
}
