{
  "id": "pepecine",
  "name": "Pepecine",
  "active": true,
  "adult": false,
  "language": ["cast"],
  "fanart": "https://d12.usercdn.com/i/02278/u875vjx9c0xs.png",
  "thumbnail": "pepecine.png",
  "banner": "pepecine.png",
  "version": 1,
  "changes": [
    {
      "date": "26/06/17",
      "description": "Desactivacion temporal del canal por cambios en web"
    },
    {
      "date": "15/03/2017",
      "description": "limpieza código"
    },
    {
      "date": "31/01/17",
      "description": "Solucionado bug al añadir contenido a la videoteca"
    },
    {
      "date": "26/01/17",
      "description": "Fix por cambios en la web"
    },
    {
      "date": "01/07/16",
      "description": "Eliminado código innecesario."
    },
    {
      "date": "26/05/16",
      "description": "Corregir bug al añadir serie a la videoteca desde el listado de episodios"
    }
  ],
  "categories": [
    "movie",
    "tvshow"
  ],
  "settings": [
    {
      "id": "include_in_global_search",
      "type": "bool",
      "label": "Incluir en busqueda global",
      "default": true,
      "enabled": true,
      "visible": true
    },
    {
      "id": "include_in_newest_peliculas",
      "type": "bool",
      "label": "Incluir en Novedades - Peliculas",
      "default": true,
      "enabled": true,
      "visible": true
    },
    {
      "id": "include_in_newest_infantiles",
      "type": "bool",
      "label": "Incluir en Novedades - Infantiles",
      "default": true,
      "enabled": true,
      "visible": true
    },
    {
      "id": "include_in_newest_series",
      "type": "bool",
      "label": "Incluir en Novedades - Episodios de series",
      "default": true,
      "enabled": true,
      "visible": true
    }
  ]
}