{
  "id": "verseriesonlinetv",
  "name": "Veriesonlinetv",
  "active": true,
  "adult": false,
  "language": ["lat"],
  "banner": "verseriesonlinetv.png",
  "thumbnail": "http://s6.postimg.org/gl0ok4t01/verserieslogo.png",
  "version": 1,
  "changes": [
    {
      "date": "17/12/2016",
      "description": "Mejora código y adaptación Infoplus"
    },
    {
      "date": "04/04/2017",
      "description": "Migración a Httptools"
    },
    {
      "date": "28/06/2017",
      "description": "Corrección código y algunas mejoras"
    }
  ],
  "categories": [
    "tvshow",
    "vos"
  ],
  "settings": [
    {
      "id": "include_in_global_search",
      "type": "bool",
      "label": "Incluir en busqueda global",
      "default": true,
      "enabled": true,
      "visible": true
    }
  ]
}