{
  "id": "peliculasmaniac",
  "name": "PeliculasManiac",
  "active": true,
  "adult": false,
  "language": ["lat","cast"],
  "thumbnail": "http://peliculasmaniac.com/img/logo.png",
  "banner": "",
  "version": 1,
  "categories": [
    "movie",
    "vos"
  ],
  "settings": [
    {
      "id": "include_in_global_search",
      "type": "bool",
      "label": "Incluir en busqueda global",
      "default": false,
      "enabled": false,
      "visible": false
    },
    {
      "id": "filter_languages",
      "type": "list",
      "label": "Mostrar enlaces en idioma...",
      "default": 0,
      "enabled": true,
      "visible": true,
      "lvalues": [
        "No filtrar",
        "CAST",
        "VOSE",
        "VO"
      ]
    }
  ]
}