{
  "id": "newpct1",
  "name": "Newpct1",
  "active": true,
  "adult": false,
  "language": ["*"],
  "thumbnail": "newpct1.png",
  "banner": "newpct1.png",
  "categories": [
    "movie",
    "tvshow",
    "anime",
    "torrent",
    "documentary",
    "vos",
    "direct"
  ],
  "settings": [
    {
      "id": "include_in_global_search",
      "type": "bool",
      "label": "Incluir en busqueda global",
      "default": true,
      "enabled": true,
      "visible": true
    },
    {
      "id": "modo_grafico",
      "type": "bool",
      "label": "Buscar información extra (TMDB)",
      "default": true,
      "enabled": true,
      "visible": true
    },
    {
      "id": "clonenewpct1_channel_default",
      "type": "list",
      "label": "Clone de NewPct1 por defecto",
      "default": 0,
      "enabled": true,
      "visible": true,
      "lvalues": [
        "Torrentrapid",
        "Tumejortorrent",
        "Torrentlocura",
        "Tvsinpagar",
        "Descargas2020",
        "Mispelisyseries"        
      ]
    },
    {
      "id": "clonenewpct1_channels_list",
      "type": "text",
      "label": "Lista de clones de NewPct1 y orden de uso",
      "default": "('1', 'torrentrapid', 'http://torrentrapid.com/', 'movie, tvshow, season, episode', 'serie_episodios'), ('1', 'tumejortorrent', 'http://tumejortorrent.com/', 'movie, tvshow, season, episode', ''), ('1', 'torrentlocura', 'http://torrentlocura.com/', 'movie, tvshow, season, episode', ''), ('1', 'tvsinpagar', 'http://www.tvsinpagar.com/', 'tvshow, season, episode', ''), ('1', 'descargas2020', 'http://descargas2020.com/', 'movie, tvshow, season, episode', ''), ('1', 'mispelisyseries', 'http://mispelisyseries.com/', 'movie', 'search, listado_busqueda')",
      "enabled": true,
      "visible": false
    },
    {
      "id": "intervenidos_channels_list",
      "type": "text",
      "label": "Lista de canales y clones de NewPct1 intervenidos y orden de sustitución de URLs",
      "default": "('0', 'canal_org', 'canal_des', 'url_org', 'url_des', 'patron1', 'patron2', 'patron3', 'patron4', 'patron5', 'content_inc', 'content_exc', 'ow_force'), ('1', 'mejortorrent', 'mejortorrent1', 'http://www.mejortorrent.com/', 'https://mejortorrent1.com/', '(http.?:\/\/.*?\/)', 'http.?:\/\/.*?\/.*?-torrent.?-[^-]+-(?:[^-]+-)([^0-9]+-)', 'http.?:\/\/.*?\/.*?-torrent.?-[^-]+-(?:[^-]+-)[^0-9]+-\\d+-(Temporada-).html', 'http.?:\/\/.*?\/.*?-torrent.?-[^-]+-(?:[^-]+-)[^0-9]+-(\\d+)-', '', 'tvshow, season', '', 'force'), ('1', 'mejortorrent', 'mejortorrent1', 'http://www.mejortorrent.com/', 'https://mejortorrent1.com/', '(http.?:\/\/.*?\/)', 'http.?:\/\/.*?\/.*?-torrent.?-[^-]+-([^.]+).html', '', '', '', 'movie', '', 'force'), ('1', 'newpct1', '', '', '', '', '', '', '', '', '*', '', 'del'), ('1', 'videolibrary', '', '', '', '', '', '', '', '', '*', '', 'del')",
      "enabled": true,
      "visible": false
    },
    {
      "id": "seleccionar_ult_temporadda_activa",
      "type": "bool",
      "label": "Seleccionar para Videoteca si estará activa solo la última Temporada",
      "default": true,
      "enabled": true,
      "visible": true
    },
    {
      "id": "clonenewpct1_ver_enlaces_veronline",
      "type": "list",
      "label": "Mostrar enlaces Ver Online",
      "default": 1,
      "enabled": true,
      "visible": true,
      "lvalues": [
        "No",
        "Todos",
        "1",
        "5",
        "10",
        "20"
      ]
    },
    {
      "id": "clonenewpct1_verificar_enlaces_veronline",
      "type": "list",
      "label": "Verificar enlaces Ver Online",
      "default": 1,
      "enabled": true,
      "visible": "!eq(-1,'No')",
      "lvalues": [
        "No",
        "Todos",
        "1",
        "5",
        "10",
        "20"
      ]
    },
    {
      "id": "clonenewpct1_verificar_enlaces_veronline_validos",
      "type": "bool",
      "label": "¿Contar sólo enlaces 'verificados' en Ver Online?",
      "default": true,
      "enabled": true,
      "visible": "!eq(-1,'No') + !eq(-2,'No')"
    },
    {
      "id": "clonenewpct1_excluir1_enlaces_veronline",
      "type": "list",
      "label": "Excluir Servidores para Ver Online",
      "default": 22,
      "max_excl": 5,
      "enabled": true,
      "visible": "!eq(-3,'No')",
      "lvalues": [
        "No",
        "Bankupload",
        "Clipwatching",
        "Flashx",
        "Katfile",
        "Mega",
        "Mexashare",
        "Movshare",
        "Mowvideo",
        "Openload",
        "Powvideo",
        "Rapidgator",
        "Streamango",
        "Streamcloud",
        "Streame",
        "Streaminto",
        "Streamplay",
        "Thevideo",
        "Turbobit",
        "Uploadedto",
        "Uptobox",
        "Userscloud",
        "Vidabc",
        "Vidspot"
      ]
    },
    {
      "id": "clonenewpct1_excluir2_enlaces_veronline",
      "type": "list",
      "label": "Excluir Servidores para Ver Online",
      "default": 12,
      "enabled": true,
      "visible": "!eq(-1,'No')",
      "lvalues": [
        "No",
        "Bankupload",
        "Clipwatching",
        "Flashx",
        "Katfile",
        "Mega",
        "Mexashare",
        "Movshare",
        "Mowvideo",
        "Openload",
        "Powvideo",
        "Rapidgator",
        "Streamango",
        "Streamcloud",
        "Streame",
        "Streaminto",
        "Streamplay",
        "Thevideo",
        "Turbobit",
        "Uploadedto",
        "Uptobox",
        "Userscloud",
        "Vidabc",
        "Vidspot"
      ]
    },
    {
      "id": "clonenewpct1_excluir3_enlaces_veronline",
      "type": "list",
      "label": "Excluir Servidores para Ver Online",
      "default": 20,
      "enabled": true,
      "visible": "!eq(-1,'No')",
      "lvalues": [
        "No",
        "Bankupload",
        "Clipwatching",
        "Flashx",
        "Katfile",
        "Mega",
        "Mexashare",
        "Movshare",
        "Mowvideo",
        "Openload",
        "Powvideo",
        "Rapidgator",
        "Streamango",
        "Streamcloud",
        "Streame",
        "Streaminto",
        "Streamplay",
        "Thevideo",
        "Turbobit",
        "Uploadedto",
        "Uptobox",
        "Userscloud",
        "Vidabc",
        "Vidspot"
      ]
    },
    {
      "id": "clonenewpct1_excluir4_enlaces_veronline",
      "type": "list",
      "label": "Excluir Servidores para Ver Online",
      "default": 0,
      "enabled": true,
      "visible": "!eq(-1,'No')",
      "lvalues": [
        "No",
        "Bankupload",
        "Clipwatching",
        "Flashx",
        "Katfile",
        "Mega",
        "Mexashare",
        "Movshare",
        "Mowvideo",
        "Openload",
        "Powvideo",
        "Rapidgator",
        "Streamango",
        "Streamcloud",
        "Streame",
        "Streaminto",
        "Streamplay",
        "Thevideo",
        "Turbobit",
        "Uploadedto",
        "Uptobox",
        "Userscloud",
        "Vidabc",
        "Vidspot"
      ]
    },
    {
      "id": "clonenewpct1_excluir5_enlaces_veronline",
      "type": "list",
      "label": "Excluir Servidores para Ver Online",
      "default": 0,
      "enabled": true,
      "visible": "!eq(-1,'No')",
      "lvalues": [
        "No",
        "Bankupload",
        "Clipwatching",
        "Flashx",
        "Katfile",
        "Mega",
        "Mexashare",
        "Movshare",
        "Mowvideo",
        "Openload",
        "Powvideo",
        "Rapidgator",
        "Streamango",
        "Streamcloud",
        "Streame",
        "Streaminto",
        "Streamplay",
        "Thevideo",
        "Turbobit",
        "Uploadedto",
        "Uptobox",
        "Userscloud",
        "Vidabc",
        "Vidspot"
      ]
    },
    {
      "id": "clonenewpct1_ver_enlaces_descargas",
      "type": "list",
      "label": "Mostrar enlaces Descargas",
      "default": 0,
      "enabled": true,
      "visible": true,
      "lvalues": [
        "No",
        "Todos",
        "1",
        "5",
        "10",
        "20",
        "30",
        "50",
        "100"
      ]
    },
    {
      "id": "clonenewpct1_verificar_enlaces_descargas",
      "type": "list",
      "label": "Verificar enlaces Descargas",
      "default": 1,
      "enabled": true,
      "visible": "!eq(-1,'No')",
      "lvalues": [
        "No",
        "Todos",
        "1",
        "5",
        "10",
        "20",
        "30",
        "50",
        "100"
      ]
    },
        {
      "id": "clonenewpct1_verificar_enlaces_descargas_validos",
      "type": "bool",
      "label": "¿Contar sólo enlaces 'verificados' en Descargar?",
      "default": true,
      "enabled": true,
      "visible": "!eq(-1,'No') + !eq(-2,'No')"
    },
    {
      "id": "clonenewpct1_excluir1_enlaces_descargas",
      "type": "list",
      "label": "Excluir Servidores para Ver Descargas",
      "default": 0,
      "enabled": true,
      "visible": "!eq(-3,'No')",
      "lvalues": [
        "No",
        "Bankupload",
        "Clipwatching",
        "Flashx",
        "Katfile",
        "Mega",
        "Mexashare",
        "Movshare",
        "Mowvideo",
        "Openload",
        "Powvideo",
        "Rapidgator",
        "Streamango",
        "Streamcloud",
        "Streame",
        "Streaminto",
        "Streamplay",
        "Thevideo",
        "Turbobit",
        "Uploadedto",
        "Uptobox",
        "Userscloud",
        "Vidabc",
        "Vidspot"
      ]
    },
    {
      "id": "clonenewpct1_excluir2_enlaces_descargas",
      "type": "list",
      "label": "Excluir Servidores para Ver Descargas",
      "default": 0,
      "enabled": true,
      "visible": "!eq(-1,'No')",
      "lvalues": [
        "No",
        "Bankupload",
        "Clipwatching",
        "Flashx",
        "Katfile",
        "Mega",
        "Mexashare",
        "Movshare",
        "Mowvideo",
        "Openload",
        "Powvideo",
        "Rapidgator",
        "Streamango",
        "Streamcloud",
        "Streame",
        "Streaminto",
        "Streamplay",
        "Thevideo",
        "Turbobit",
        "Uploadedto",
        "Uptobox",
        "Userscloud",
        "Vidabc",
        "Vidspot"
      ]
    },
    {
      "id": "clonenewpct1_excluir3_enlaces_descargas",
      "type": "list",
      "label": "Excluir Servidores para Descargas",
      "default": 0,
      "enabled": true,
      "visible": "!eq(-1,'No')",
      "lvalues": [
        "No",
        "Bankupload",
        "Clipwatching",
        "Flashx",
        "Katfile",
        "Mega",
        "Mexashare",
        "Movshare",
        "Mowvideo",
        "Openload",
        "Powvideo",
        "Rapidgator",
        "Streamango",
        "Streamcloud",
        "Streame",
        "Streaminto",
        "Streamplay",
        "Thevideo",
        "Turbobit",
        "Uploadedto",
        "Uptobox",
        "Userscloud",
        "Vidabc",
        "Vidspot"
      ]
    },
    {
      "id": "clonenewpct1_excluir4_enlaces_descargas",
      "type": "list",
      "label": "Excluir Servidores para Descargas",
      "default": 0,
      "enabled": true,
      "visible": "!eq(-1,'No')",
      "lvalues": [
        "No",
        "Bankupload",
        "Clipwatching",
        "Flashx",
        "Katfile",
        "Mega",
        "Mexashare",
        "Movshare",
        "Mowvideo",
        "Openload",
        "Powvideo",
        "Rapidgator",
        "Streamango",
        "Streamcloud",
        "Streame",
        "Streaminto",
        "Streamplay",
        "Thevideo",
        "Turbobit",
        "Uploadedto",
        "Uptobox",
        "Userscloud",
        "Vidabc",
        "Vidspot"
      ]
    },
    {
      "id": "clonenewpct1_excluir5_enlaces_descargas",
      "type": "list",
      "label": "Excluir Servidores para Descargas",
      "default": 0,
      "enabled": true,
      "visible": "!eq(-1,'No')",
      "lvalues": [
        "No",
        "Bankupload",
        "Clipwatching",
        "Flashx",
        "Katfile",
        "Mega",
        "Mexashare",
        "Movshare",
        "Mowvideo",
        "Openload",
        "Powvideo",
        "Rapidgator",
        "Streamango",
        "Streamcloud",
        "Streame",
        "Streaminto",
        "Streamplay",
        "Thevideo",
        "Turbobit",
        "Uploadedto",
        "Uptobox",
        "Userscloud",
        "Vidabc",
        "Vidspot"
      ]
    },
    {
      "id": "include_in_newest_peliculas",
      "type": "bool",
      "label": "Incluir en Novedades - Peliculas",
      "default": true,
      "enabled": true,
      "visible": false
    },
    {
      "id": "include_in_newest_series",
      "type": "bool",
      "label": "Incluir en Novedades - Episodios de series",
      "default": true,
      "enabled": true,
      "visible": false
    },
    {
      "id": "include_in_newest_anime",
      "type": "bool",
      "label": "Incluir en Novedades - Anime",
      "default": true,
      "enabled": true,
      "visible": false
    },
    {
      "id": "include_in_newest_documentales",
      "type": "bool",
      "label": "Incluir en Novedades - Documentales",
      "default": true,
      "enabled": true,
      "visible": false
    },
    {
      "id": "include_in_newest_latino",
      "type": "bool",
      "label": "Incluir en Novedades - Latino",
      "default": true,
      "enabled": true,
      "visible": false
    },
    {
      "id": "include_in_newest_4k",
      "type": "bool",
      "label": "Incluir en Novedades - 4K",
      "default": true,
      "enabled": true,
      "visible": false
    },
    {
      "id": "clonenewpct1_timeout_downloadpage",
      "type": "list",
      "label": "Timeout (segs.) en descarga de páginas o verificación de servidores",
      "default": 5,
      "enabled": true,
      "visible": true,
      "lvalues": [
        "None",
        "1",
        "2",
        "3",
        "4",
        "5",
        "6",
        "7",
        "8",
        "9",
        "10"
      ]
    },
    {
      "id": "clonenewpct1_rango_fechas_novedades",
      "type": "list",
      "label": "Rango de fechas para búsquedas en Novedades",
      "default": 2,
      "enabled": true,
      "visible": true,
      "lvalues": [
        "Hoy",
        "Ayer",
        "Semana",
        "Mes",
        "Siempre"
      ]
    },
    {
      "id": "clonenewpct1_serie_episodio_novedades",
      "type": "list",
      "label": "Ver en Novedades las series como episodios sueltos o serie completa",
      "default": 1,
      "enabled": true,
      "visible": true,
      "lvalues": [
        "Episodios sueltos",
        "Serie completa"
      ]
    }
  ]
}