{
  "active": true,
  "find_videos": {
    "ignore_urls": [],
    "patterns": [
      {
        "pattern": "(https://(?:www.|)(?:txxx|voyeurhit).com/embed/[0-9]+)",
        "url": "\\1"
      },
      {
        "pattern": "(?:video|)(txxx.com/videos/[0-9]+/[A-z0-9-]+/)",
        "url": "https://\\1"
      },
      {
        "pattern": "(https://(?:hclips|hdzog).com/embed/[0-9]+)",
        "url": "\\1"
      },
      {
        "pattern": "(https://voyeurhit.com/videos/[A-z0-9-]+/)",
        "url": "\\1"
      },
      {
        "pattern": "(https://(?:tubepornclassic|voyeurhit).com/videos/[0-9]+/[A-z0-9-]+/)",
        "url": "\\1"
      }
    ]
  },
  "free": true,
  "id": "txxx",
  "name": "txxx",
  "settings": [
    {
      "default": false,
      "enabled": true,
      "id": "black_list",
      "label": "@60654",
      "type": "bool",
      "visible": true
    },
    {
      "default": 0,
      "enabled": true,
      "id": "favorites_servers_list",
      "label": "@60655",
      "lvalues": [
        "No",
        "1",
        "2",
        "3",
        "4",
        "5"
      ],
      "type": "list",
      "visible": false
    }
  ],
  "thumbnail": ""
}
