{
  "active": true,
  "find_videos": {
    "ignore_urls": [],
    "patterns": [
      {
        "pattern": "https://(?:streamlare|slwatch).(?:com|co)/(?:v|e)/(\\w+)",
        "url": "https://slwatch.co/e/\\1"
      }
    ]
  },
  "free": true,
  "id": "streamlare",
  "name": "streamlare",
  "settings": [
    {
      "default": false,
      "enabled": true,
      "id": "black_list",
      "label": "@60654",
      "type": "bool",
      "visible": true
    },
    {
      "default": 0,
      "enabled": true,
      "id": "favorites_servers_list",
      "label": "@60655",
      "lvalues": [
        "No",
        "1",
        "2",
        "3",
        "4",
        "5"
      ],
      "type": "list",
      "visible": false
    }
  ],
  "thumbnail": "https://streamlare.com/images/logo.png"
}
